#{"t_start": 1785394779.6436155, "env_id": "None"}
r,l,t
-2.0,1,0.321919
-2.0,1,0.324048
-2.0,1,0.325957
-2.0,1,0.327913
-2.0,1,0.329806
-2.0,1,0.33187
-2.0,1,0.333761
-2.0,1,0.335729
-2.0,1,0.337609
-2.0,1,0.339585
-2.0,1,0.341568
-2.0,1,0.34373
-2.0,1,0.345665
-2.0,1,0.347666
-2.0,1,0.34956
-2.0,1,0.35149
-2.0,1,0.353353
-2.0,1,0.355347
-2.0,1,0.357397
-2.0,1,0.359355
-2.0,1,0.36122
-2.0,1,0.363159
-2.0,1,0.365047
-2.0,1,0.367024
-2.0,1,0.368942
-2.0,1,0.370883
-2.0,1,0.372761
-2.0,1,0.374652
-2.0,1,0.376518
-2.05,2,0.380347
-2.0,1,0.382254
-2.0,1,0.384296
-2.0,1,0.386194
-2.0,1,0.388072
-2.0,1,0.389975
-2.0,1,0.391928
-2.0,1,0.393875
-2.0,1,0.39586
-2.0,1,0.397775
-2.0,1,0.399672
-2.0,1,0.401578
-2.0,1,0.403473
-2.0,1,0.405371
-2.0,1,0.407289
-2.0,1,0.409347
-2.0,1,0.41118
-2.0,1,0.412974
-2.0,1,0.414785
-2.0,1,0.416526
-2.0,1,0.41834
-2.0,1,0.420138
-2.0,1,0.421921
-2.0,1,0.42378
-2.0,1,0.425555
-2.0,1,0.427363
-2.0,1,0.429108
-2.0,1,0.430898
-2.0,1,0.432672
-2.0,1,0.434463
-2.0,1,0.436234
-2.0,1,0.438026
-2.0,1,0.439802
-2.0,1,0.441574
-2.05,2,0.445156
-2.0,1,0.44696
-2.0,1,0.448752
-2.0,1,0.450656
-2.0,1,0.452564
-2.0,1,0.454402
-2.0,1,0.456188
-2.0,1,0.457984
-2.0,1,0.45978
-2.0,1,0.461566
-2.0,1,0.463438
-2.0,1,0.465252
-2.0,1,0.467083
-2.0,1,0.468901
-2.0,1,0.470737
-2.0,1,0.472537
-2.0,1,0.474369
-2.0,1,0.476151
-2.0,1,0.477956
-2.0,1,0.47973
-2.0,1,0.481565
-2.0,1,0.483355
-2.0,1,0.485159
-2.0,1,0.486958
-2.0,1,0.488748
-2.0,1,0.490555
-2.0,1,0.492362
-2.0,1,0.494294
-2.0,1,0.496067
-2.0,1,0.497902
-2.0,1,0.499672
-2.0,1,0.501441
-2.0,1,0.503248
-2.0,1,0.505155
-2.0,1,0.506949
-2.0,1,0.508733
-2.0,1,0.510515
-2.0,1,0.512283
-2.0,1,0.51406
-2.0,1,0.515887
-2.0,1,0.517667
-2.0,1,0.519456
-2.0,1,0.521252
-2.0,1,0.523064
-2.0,1,0.52487
-2.0,1,0.526692
-2.0,1,0.528492
-2.0,1,0.530296
-2.0,1,0.532105
-2.0,1,0.533914
-2.0,1,0.535722
-2.0,1,0.537598
-2.0,1,0.5394
-2.0,1,0.541205
-2.0,1,0.543042
-2.0,1,0.544869
-2.0,1,0.546664
-2.0,1,0.548427
-2.0,1,0.550282
-2.0,1,0.552047
-2.0,1,0.553836
-2.0,1,0.555628
-2.0,1,0.557387
-2.0,1,0.559183
-2.0,1,0.560963
-2.0,1,0.562778
-2.0,1,0.564553
-2.0,1,0.566387
-2.0,1,0.568202
-2.0,1,0.56998
-2.0,1,0.571787
-2.0,1,0.573577
-2.0,1,0.575362
-2.0,1,0.577131
-2.0,1,0.57903
-2.0,1,0.580842
-2.0,1,0.582645
-2.0,1,0.584467
-2.0,1,0.586262
-2.05,2,0.589844
-2.0,1,0.591662
-2.0,1,0.593449
-2.0,1,0.59524
-2.0,1,0.59705
-2.0,1,0.598867
-2.0,1,0.600654
-2.0,1,0.602441
-2.0,1,0.604246
-2.0,1,0.606056
-2.0,1,0.607843
-2.0,1,0.609654
-2.0,1,0.611445
-2.0,1,0.613248
-2.0,1,0.615117
-2.0,1,0.616895
-2.0,1,0.61869
-2.0,1,0.620484
-2.0,1,0.62237
-2.0,1,0.624173
-2.0,1,0.625948
-2.0,1,0.627731
-2.0,1,0.629516
-2.0,1,0.63129
-2.0,1,0.633086
-2.0,1,0.63487
-2.0,1,0.636645
-2.0,1,0.638452
-2.0,1,0.640254
-2.0,1,0.64204
-2.0,1,0.643853
-2.0,1,0.645622
-2.0,1,0.647421
-2.0,1,0.649204
-2.0,1,0.651054
-2.0,1,0.652862
-2.0,1,0.654675
-2.0,1,0.656465
-2.0,1,0.658321
-2.0,1,0.660101
-2.0,1,0.661933
-2.0,1,0.663789
-2.0,1,0.665713
-2.0,1,0.667537
-2.0,1,0.669327
-2.0,1,0.671153
-2.0,1,0.672944
-2.0,1,0.674757
-2.0,1,0.676535
-2.0,1,0.678336
-2.0,1,0.680115
-2.0,1,0.681896
-2.0,1,0.683697
-2.05,2,0.68726
-2.0,1,0.689111
5.0,1,0.690996
-2.0,1,0.692743
-2.0,1,0.694582
-2.0,1,0.696375
-2.0,1,0.698257
-2.0,1,0.700084
-2.0,1,0.701925
-2.0,1,0.703711
-2.0,1,0.70548
-2.0,1,0.707354
-2.0,1,0.709173
-2.0,1,0.710978
-2.0,1,0.712759
-2.0,1,0.714606
-2.0,1,0.716398
-2.0,1,0.718213
-2.0,1,0.719981
-2.0,1,0.721802
-2.0,1,0.723575
-2.0,1,0.725339
-2.0,1,0.727143
-2.0,1,0.728956
-2.0,1,0.73075
-2.0,1,0.732568
-2.0,1,0.734356
-2.0,1,0.73612
-2.0,1,0.737914
-2.0,1,0.739778
-2.0,1,0.741622
-2.0,1,0.743409
-2.0,1,0.745202
-2.0,1,0.747015
-2.0,1,0.7488
-2.0,1,0.750683
-2.0,1,0.75248
-2.0,1,0.754275
-2.0,1,0.75609
-2.0,1,0.757883
-2.0,1,0.75966
-2.0,1,0.761436
-2.0,1,0.763243
-2.0,1,0.765031
-2.0,1,0.766847
-2.0,1,0.768679
-2.0,1,0.770464
-2.0,1,0.772236
-2.0,1,0.774013
-2.0,1,0.775789
-2.0,1,0.777566
-2.0,1,0.779516
-2.0,1,0.781447
-2.0,1,0.783359
-2.0,1,0.785255
-2.0,1,0.78725
-2.0,1,0.789208
-2.0,1,0.791162
-2.0,1,0.79312
-2.0,1,0.795038
-2.0,1,0.796948
-2.0,1,0.798868
-2.0,1,0.800793
-2.0,1,0.80271
-2.0,1,0.804588
-2.0,1,0.806502
-2.0,1,0.808407
-2.0,1,0.810309
-2.0,1,0.812232
-2.0,1,0.814129
-2.0,1,0.816014
-2.0,1,0.817909
-2.0,1,0.819799
-2.0,1,0.82174
-2.0,1,0.823661
-2.0,1,0.825537
-2.0,1,0.827433
-2.0,1,0.829304
-2.0,1,0.831205
-2.0,1,0.833069
-2.0,1,0.835064
-2.0,1,0.836977
-2.0,1,0.838913
-2.0,1,0.840808
-2.0,1,0.842721
-2.0,1,0.844609
-2.0,1,0.846553
-2.0,1,0.848434
-2.0,1,0.850326
-2.0,1,0.852221
-2.0,1,0.854139
-2.0,1,0.856061
-2.0,1,0.857954
-2.0,1,0.85989
-2.0,1,0.861793
-2.0,1,0.863719
-2.0,1,0.865599
-2.0,1,0.867569
-2.0,1,0.869444
-2.0,1,0.87147
-2.0,1,0.873362
-2.0,1,0.875275
-2.0,1,0.877197
-2.0,1,0.879157
-2.0,1,0.881096
-2.0,1,0.883127
-2.0,1,0.885006
-2.0,1,0.886912
-2.0,1,0.888814
-2.0,1,0.89073
-2.0,1,0.892741
-2.0,1,0.894645
-2.0,1,0.89659
-2.0,1,0.898483
-2.0,1,0.90047
-2.0,1,0.902396
-2.0,1,0.90432
-2.0,1,0.906237
-2.0,1,0.908136
-2.0,1,0.910076
-2.0,1,0.911991
-2.0,1,0.913883
-2.0,1,0.915764
-2.05,2,0.919535
-2.0,1,0.921551
-2.0,1,0.923475
-2.0,1,0.925361
-2.0,1,0.927272
-2.0,1,0.929193
-2.0,1,0.931135
-2.0,1,0.933032
-2.0,1,0.934942
-2.0,1,0.936862
-2.0,1,0.938772
-2.0,1,0.940694
-2.0,1,0.942587
-2.0,1,0.944465
-2.0,1,0.946416
-2.0,1,0.948294
-2.0,1,0.950187
-2.0,1,0.952082
-2.0,1,0.954016
-2.0,1,0.955913
-2.0,1,0.95782
-2.0,1,0.959705
-2.0,1,0.961586
-2.0,1,0.963572
-2.0,1,0.965456
-2.0,1,0.967396
-2.0,1,0.969315
-2.0,1,0.971306
-2.0,1,0.9732
-2.0,1,0.975146
-2.0,1,0.977022
-2.0,1,0.978961
-2.0,1,0.98124
-2.0,1,0.983232
-2.0,1,0.985145
-2.0,1,0.987041
-2.0,1,0.988913
-2.0,1,0.99081
-2.0,1,0.992821
-2.0,1,0.99472
-2.0,1,0.996649
-2.0,1,0.998539
-2.0,1,1.00041
-2.0,1,1.002318
-2.0,1,1.004196
-2.0,1,1.006167
-2.0,1,1.008053
-2.0,1,1.009946
-2.0,1,1.011813
-2.0,1,1.013686
-2.0,1,1.015576
-2.0,1,1.017457
-2.0,1,1.01936
-2.0,1,1.021342
-2.0,1,1.023243
-2.0,1,1.025118
-2.0,1,1.027013
-2.0,1,1.028925
-2.0,1,1.03083
-2.0,1,1.032745
-2.0,1,1.034669
-2.0,1,1.036554
-2.0,1,1.038443
-2.0,1,1.040324
-2.0,1,1.042215
-2.0,1,1.044091
-2.0,1,1.045984
-2.0,1,1.0479
-2.0,1,1.049818
-2.0,1,1.051713
-2.0,1,1.053627
-2.0,1,1.055573
5.0,1,1.057522
-2.0,1,1.059367
-2.0,1,1.061295
-2.0,1,1.063211
-2.0,1,1.0651
-2.0,1,1.067031
-2.0,1,1.068955
-2.0,1,1.070883
-2.0,1,1.072813
-2.0,1,1.074713
-2.0,1,1.076599
-2.0,1,1.078498
-2.0,1,1.080369
-2.0,1,1.082272
-2.0,1,1.084192
-2.0,1,1.086086
-2.0,1,1.087968
-2.0,1,1.0899
-2.0,1,1.091782
-2.0,1,1.093721
-2.0,1,1.095649
-2.0,1,1.097556
-2.0,1,1.099444
-2.0,1,1.10136
-2.0,1,1.103251
-2.0,1,1.105144
-2.0,1,1.107042
-2.0,1,1.108938
-2.0,1,1.110885
-2.0,1,1.112782
-2.0,1,1.114707
-2.0,1,1.116631
-2.0,1,1.11851
-2.0,1,1.120467
-2.0,1,1.122377
-2.0,1,1.124252
-2.0,1,1.126171
-2.0,1,1.128096
-2.0,1,1.130014
-2.0,1,1.131945
-2.0,1,1.133896
-2.0,1,1.135834
-2.0,1,1.137712
-2.0,1,1.139614
-2.0,1,1.141549
-2.0,1,1.143446
-2.0,1,1.14533
-2.0,1,1.14725
-2.0,1,1.149137
-2.0,1,1.151028
5.0,1,1.153008
-2.0,1,1.154871
-2.0,1,1.156811
-2.0,1,1.158711
-2.0,1,1.160591
-2.0,1,1.162489
-2.0,1,1.164374
-2.0,1,1.166272
-2.0,1,1.168159
-2.0,1,1.170052
-2.0,1,1.17198
-2.0,1,1.173887
-2.0,1,1.175802
-2.0,1,1.177701
-2.0,1,1.179622
-2.0,1,1.181548
-2.0,1,1.183469
-2.0,1,1.185354
-2.0,1,1.187249
-2.0,1,1.189134
-2.05,2,1.192973
-2.0,1,1.194886
-2.0,1,1.196767
-2.0,1,1.198736
-2.0,1,1.200647
-2.0,1,1.202562
-2.0,1,1.204466
-2.0,1,1.206413
-2.0,1,1.208323
-2.0,1,1.210241
-2.0,1,1.212137
-2.0,1,1.214064
-2.0,1,1.216171
-2.0,1,1.21815
-2.0,1,1.220274
-2.0,1,1.222371
-2.0,1,1.224363
-2.0,1,1.226296
-2.0,1,1.228199
-2.0,1,1.230089
-2.0,1,1.231987
-2.0,1,1.233871
-2.0,1,1.235776
-2.0,1,1.237669
-2.0,1,1.239603
-2.0,1,1.241482
-2.0,1,1.243405
-2.0,1,1.245301
-2.0,1,1.247196
-2.0,1,1.249239
-2.0,1,1.25116
-2.0,1,1.253065
-2.0,1,1.2551
-2.0,1,1.257105
-2.0,1,1.259159
-2.0,1,1.261235
-2.0,1,1.263309
-2.0,1,1.265413
-2.0,1,1.267475
-2.0,1,1.269521
-2.0,1,1.271691
-2.0,1,1.27376
-2.0,1,1.27579
-2.0,1,1.27791
-2.0,1,1.280006
-2.0,1,1.282068
-2.0,1,2.641298
-2.0,1,2.643849
-2.0,1,2.646051
-2.0,1,2.648248
-2.0,1,2.650492
-2.0,1,2.652673
-2.0,1,2.654877
-2.0,1,2.657036
5.0,1,2.659397
-2.0,1,2.661805
-2.0,1,2.66441
-2.0,1,2.666764
-2.0,1,2.669136
-2.0,1,2.671789
-2.0,1,2.674417
-2.0,1,2.676804
-2.0,1,2.679157
-2.0,1,2.681494
-2.0,1,2.683883
-2.0,1,2.686309
-2.0,1,2.688814
-2.0,1,2.691184
-2.0,1,2.693976
-2.0,1,2.696693
-2.0,1,2.699098
-2.0,1,2.701844
-2.0,1,2.704195
-2.0,1,2.706704
-2.0,1,2.709063
-2.0,1,2.711384
-2.0,1,2.713722
-2.0,1,2.716
-2.0,1,2.718338
-2.0,1,2.720684
-2.0,1,2.722993
-2.0,1,2.725331
-2.0,1,2.727662
-2.0,1,2.729987
-2.0,1,2.732364
-2.0,1,2.734693
-2.0,1,2.737012
-2.0,1,2.739343
-2.0,1,2.74179
5.0,1,2.744174
5.0,1,2.746548
-2.0,1,2.748856
5.0,1,2.751227
-2.0,1,2.753331
-2.05,2,2.757962
-2.0,1,2.760032
5.0,1,2.762252
-2.0,1,2.764426
-2.0,1,2.766566
-2.0,1,2.768645
-2.0,1,2.770786
-2.0,1,2.7729
-2.0,1,2.774987
-2.0,1,2.777057
-2.0,1,2.779167
-2.0,1,2.781252
-2.0,1,2.783421
5.0,1,2.785543
-2.0,1,2.7876
-2.0,1,2.789978
-2.0,1,2.792314
5.0,1,2.794772
-2.0,1,2.797055
-2.0,1,2.79944
-2.0,1,2.801805
-2.0,1,2.804075
-2.0,1,2.806361
-2.0,1,2.80865
-2.0,1,2.810987
-2.0,1,2.813294
-2.0,1,2.815471
-2.0,1,2.817685
-2.0,1,2.819876
-2.0,1,2.82209
-2.0,1,2.824331
-2.0,1,2.826545
-2.0,1,2.828716
-2.0,1,2.830948
-2.0,1,2.833135
-2.0,1,2.835286
-2.05,2,2.839752
-2.0,1,2.842133
-2.0,1,2.844385
-2.0,1,2.846701
-2.0,1,2.848844
-2.0,1,2.850989
-2.0,1,2.853166
-2.0,1,2.855285
-2.0,1,2.857408
5.0,1,2.859638
-2.0,1,2.861862
-2.0,1,2.864025
-2.0,1,2.86622
-2.0,1,2.868433
-2.0,1,2.870723
-2.0,1,2.872853
-2.0,1,2.875083
-2.0,1,2.877261
-2.0,1,2.879419
-2.0,1,2.881603
-2.0,1,2.883875
-2.0,1,2.886083
-2.05,2,2.890408
-2.0,1,2.892592
-2.0,1,2.894794
-2.0,1,2.896971
-2.0,1,2.899164
5.0,1,2.901455
-2.0,1,2.90366
-2.0,1,2.905902
5.0,1,2.908131
5.0,1,2.910286
-2.0,1,2.9125
5.0,1,2.914742
-2.0,1,2.916862
-2.0,1,2.919088
-2.0,1,2.921332
-2.0,1,2.923529
-2.0,1,2.925889
-2.0,1,2.928061
5.0,1,2.930372
-2.0,1,2.932515
-2.0,1,2.934859
-2.0,1,2.937051
-2.0,1,2.939257
-2.0,1,2.941401
-2.0,1,2.943609
-2.0,1,2.945776
-2.0,1,2.947938
-2.0,1,2.950111
-2.0,1,2.952233
-2.0,1,2.954432
-2.0,1,2.956638
-2.0,1,2.958851
-2.0,1,2.960944
-2.0,1,2.963026
-2.0,1,2.965054
-2.0,1,2.967082
-2.0,1,2.969165
-2.0,1,2.971225
-2.0,1,2.973181
-2.0,1,2.975215
-2.0,1,2.977209
-2.0,1,2.979375
-2.0,1,2.9814
-2.0,1,2.98343
-2.0,1,2.985378
-2.0,1,2.987372
-2.0,1,2.989355
-2.0,1,2.991338
-2.0,1,2.993284
-2.0,1,2.995406
-2.0,1,2.997341
-2.0,1,2.999294
-2.0,1,3.001252
-2.0,1,3.003233
-2.0,1,3.005272
-2.0,1,3.007266
-2.0,1,3.00922
5.0,1,3.011429
-2.0,1,3.013361
-2.0,1,3.015433
-2.0,1,3.017546
-2.0,1,3.01968
-2.0,1,3.021716
-2.0,1,3.023768
-2.0,1,3.025803
-2.0,1,3.02781
-2.0,1,3.029828
-2.0,1,3.031819
-2.0,1,3.033923
5.0,1,3.035986
-2.0,1,3.037948
5.0,1,3.040011
-2.0,1,3.041977
-2.0,1,3.043977
-2.0,1,3.045995
-2.0,1,3.048026
-2.0,1,3.050061
-2.0,1,3.052054
-2.0,1,3.054267
-2.0,1,3.056318
-2.0,1,3.058399
5.0,1,3.06043
5.0,1,3.062453
5.0,1,3.06445
-2.0,1,3.066481
-2.0,1,3.068519
-2.0,1,3.070552
-2.0,1,3.072605
-2.0,1,3.074629
-2.0,1,3.076658
-2.0,1,3.078775
5.0,1,3.080865
-2.0,1,3.082891
-2.0,1,3.084947
-2.0,1,3.087033
-2.0,1,3.088983
5.0,1,3.091033
-2.0,1,3.09303
-2.0,1,3.095093
-2.0,1,3.097316
-2.0,1,3.099406
-2.0,1,3.10139
-2.0,1,3.103458
-2.0,1,3.105427
-2.0,1,3.107485
-2.0,1,3.109469
5.0,1,3.111517
-2.0,1,3.113437
-2.0,1,3.1154
5.0,1,3.117477
-2.0,1,3.119419
-2.0,1,3.121373
-2.0,1,3.123346
-2.0,1,3.125294
-2.0,1,3.127274
-2.0,1,3.129266
-2.0,1,3.131249
-2.0,1,3.1332
-2.0,1,3.135218
-2.0,1,3.137164
-2.05,2,3.141323
-2.0,1,3.143338
-2.0,1,3.14536
-2.0,1,3.147434
-2.0,1,3.149434
-2.0,1,3.151459
-2.0,1,3.153459
-2.0,1,3.155472
-2.0,1,3.157556
-2.0,1,3.159539
-2.0,1,3.161585
-2.0,1,3.163615
-2.0,1,3.165631
-2.0,1,3.167712
-2.0,1,3.169756
-2.05,2,3.173851
-2.0,1,3.17585
-2.0,1,3.177917
-2.0,1,3.179939
-2.0,1,3.182054
-2.0,1,3.184337
-2.0,1,3.186562
-2.0,1,3.18878
-2.0,1,3.191011
-2.0,1,3.1932
-2.0,1,3.195437
-2.0,1,3.197727
-2.0,1,3.200043
-2.0,1,3.202293
-2.0,1,3.204535
-2.0,1,3.206779
-2.0,1,3.208913
-2.0,1,3.211006
-2.0,1,3.213231
-2.0,1,3.215494
-2.0,1,3.217676
-2.0,1,3.219855
-2.0,1,3.222038
5.0,1,3.224296
-2.0,1,3.226392
-2.0,1,3.228574
-2.0,1,3.230737
-2.0,1,3.232918
-2.0,1,3.234985
-2.0,1,3.237072
5.0,1,3.239273
-2.0,1,3.241255
-2.0,1,3.243324
-2.0,1,3.24543
-2.0,1,3.24752
-2.0,1,3.249525
-2.0,1,3.251614
-2.0,1,3.253769
-2.0,1,3.255829
-2.0,1,3.257896
5.0,1,3.26
-2.0,1,3.262257
-2.0,1,3.26443
-2.0,1,3.266605
-2.0,1,3.268783
-2.0,1,3.270923
5.0,1,3.273031
-2.05,2,3.277124
-2.0,1,3.279171
-2.0,1,3.281187
-2.0,1,3.283214
-2.0,1,3.285234
-2.0,1,3.287439
-2.0,1,3.289424
-2.0,1,3.291457
-2.0,1,3.293473
-2.0,1,3.295507
-2.0,1,3.297544
-2.0,1,3.299572
-2.0,1,3.301616
-2.0,1,3.30381
-2.0,1,3.305807
-2.0,1,3.307837
-2.0,1,3.309955
-2.0,1,3.312129
-2.0,1,3.314183
-2.0,1,3.316257
-2.05,2,3.320334
-2.0,1,3.322422
-2.0,1,3.324423
5.0,1,3.326612
-2.0,1,3.328585
-2.0,1,3.330695
-2.0,1,3.332735
-2.0,1,3.334788
-2.0,1,3.336793
-2.0,1,3.339392
-2.0,1,3.341828
-2.0,1,3.343793
-2.0,1,3.345783
-2.0,1,3.347741
-2.0,1,3.349709
-2.0,1,3.351682
5.0,1,3.354043
-2.0,1,3.356257
-2.0,1,3.358429
-2.0,1,3.360579
-2.0,1,3.362779
-2.0,1,3.365066
-2.0,1,3.367363
-2.0,1,3.369542
-2.0,1,3.37182
-2.0,1,3.373982
-2.0,1,3.376194
-2.0,1,3.378397
-2.0,1,3.380572
-2.0,1,3.382945
-2.0,1,3.385098
-2.0,1,3.387274
-2.0,1,3.389534
5.0,1,3.391898
5.0,1,3.394241
-2.05,2,3.39911
-2.0,1,3.401407
-2.0,1,3.403871
-2.0,1,3.406224
-2.0,1,3.408612
-2.0,1,3.410945
-2.0,1,3.413449
-2.0,1,3.415689
-2.0,1,3.418031
-2.0,1,3.420141
-2.0,1,3.422291
-2.0,1,3.424409
-2.0,1,3.426525
-2.0,1,3.428651
-2.0,1,3.430828
-2.0,1,3.4329
-2.0,1,3.435079
-2.0,1,3.437262
-2.0,1,3.439529
-2.0,1,3.441647
5.0,1,3.443935
-2.0,1,3.446213
-2.0,1,3.44835
-2.0,1,3.450467
-2.0,1,3.452599
-2.0,1,3.454816
-2.0,1,3.45686
-2.0,1,3.459218
-2.0,1,3.461459
-2.0,1,3.463598
-2.0,1,3.466097
-2.0,1,3.468829
-2.0,1,3.47163
-2.0,1,3.474342
-2.0,1,3.47706
-2.05,2,3.482613
-2.0,1,3.485315
-2.0,1,3.48805
-2.0,1,3.490879
-2.0,1,3.493768
5.0,1,3.496596
-2.0,1,3.499387
-2.0,1,3.502177
-2.0,1,3.50444
-2.0,1,3.506632
-2.0,1,3.50871
-2.0,1,3.51083
-2.0,1,3.512924
-2.0,1,3.515026
-2.0,1,3.517246
-2.0,1,3.519447
-2.0,1,3.521585
-2.0,1,3.523771
-2.0,1,3.525941
-2.0,1,3.528493
-2.0,1,3.530655
-2.0,1,3.532782
-2.0,1,3.534938
-2.0,1,3.537151
-2.0,1,3.539249
-2.0,1,3.541433
-2.0,1,3.543651
-2.0,1,3.545851
-2.0,1,3.547992
-2.0,1,3.550258
5.0,1,3.552483
-2.0,1,3.554581
-2.0,1,3.556784
-2.0,1,3.558923
-2.0,1,3.561055
-2.0,1,3.563241
-2.0,1,3.565472
-2.0,1,3.567775
-2.0,1,3.569945
-2.0,1,3.572056
-2.0,1,3.574227
-2.0,1,3.576407
-2.0,1,3.578619
-2.0,1,3.580794
-2.0,1,3.583076
-2.0,1,3.585188
-2.0,1,3.587441
-2.0,1,3.589649
-2.0,1,3.591884
-2.0,1,3.594051
5.0,1,3.596314
-2.0,1,3.598573
-2.0,1,3.600727
-2.0,1,3.602946
-2.0,1,3.605106
-2.0,1,3.607262
-2.0,1,3.609602
-2.0,1,3.611775
-2.0,1,3.613954
-2.0,1,3.616132
-2.0,1,3.618367
-2.0,1,3.620585
-2.0,1,3.622823
-2.0,1,3.624971
-2.0,1,3.627168
-2.0,1,3.629327
-2.0,1,3.631605
-2.0,1,3.633882
-2.0,1,3.636039
5.0,1,3.638255
-2.0,1,3.640402
-2.0,1,3.642602
5.0,1,3.645463
5.0,1,3.647957
5.0,1,3.650295
5.0,1,3.652896
-2.0,1,3.655282
5.0,1,3.657646
-2.0,1,3.659903
-2.0,1,3.662396
-2.0,1,3.665091
-2.0,1,3.667458
-2.0,1,3.669904
-2.0,1,3.672303
-2.0,1,3.674828
-2.0,1,3.677293
-2.0,1,3.679819
-2.0,1,3.682319
-2.0,1,3.684792
-2.0,1,3.687035
5.0,1,3.689285
-2.0,1,3.691433
-2.0,1,3.693729
-2.0,1,3.696337
5.0,1,3.698712
-2.0,1,3.700788
-2.0,1,3.702914
-2.0,1,3.705027
-2.0,1,3.7072
-2.0,1,3.709455
-2.0,1,3.71169
-2.0,1,3.713973
-2.0,1,3.716122
-2.0,1,3.718605
5.0,1,3.720786
-2.0,1,3.722899
-2.0,1,3.725223
-2.0,1,3.727586
-2.0,1,3.729791
-2.0,1,3.732035
-2.0,1,3.734418
-2.0,1,3.736734
-2.0,1,3.73896
-2.0,1,3.741089
-2.0,1,3.743505
5.0,1,3.745856
-2.0,1,3.74805
-2.0,1,3.750209
-2.0,1,3.752331
-2.0,1,3.754502
-2.05,2,3.759066
-2.0,1,3.761306
-2.0,1,3.76358
-2.0,1,3.765781
5.0,1,5.1818
4.75,2,5.186048
5.0,1,5.188181
4.75,2,5.192374
4.75,2,5.196303
-2.0,1,5.198232
-2.0,1,5.20021
4.75,2,5.204246
5.0,1,5.206233
4.75,2,5.210102
5.0,1,5.212
5.0,1,5.213932
4.75,2,5.217719
5.0,1,5.219637
4.75,2,5.223555
-2.3,3,5.232217
-2.8,5,5.241174
6.0,1,5.243079
-2.8,5,5.252729
-2.8,5,5.261843
4.75,2,5.265633
4.75,2,5.269137
-2.05,2,5.273045
-2.05,2,5.277155
-2.0,1,5.27914
5.0,1,5.280968
4.75,2,5.284736
-3.3,7,5.297137
-2.0,1,5.299025
-3.55,8,5.313557
-2.0,1,5.315675
-2.0,1,5.317983
5.0,1,5.319966
4.75,2,5.324006
6.0,1,5.326026
-2.0,1,5.327992
5.0,1,5.33002
5.75,2,5.333893
4.75,2,5.337909
-2.3,3,5.343922
-3.05,6,5.355885
-2.05,2,5.360062
5.0,1,5.36221
-4.3,11,5.384428
5.0,1,5.386489
-3.8,9,5.404369
-2.05,2,5.408365
5.0,1,5.410475
-2.05,2,5.414481
-2.3,3,5.420518
4.75,2,5.424612
6.0,1,5.426692
5.0,1,5.428742
-2.0,1,5.430812
5.75,2,5.435158
-2.05,2,5.43949
5.75,2,5.443879
-3.3,7,5.457704
6.0,1,5.459748
-2.0,1,5.461676
-2.0,1,5.463738
5.0,1,5.465704
5.0,1,5.46763
5.0,1,5.469551
6.0,1,5.471463
-4.05,10,5.491029
5.75,2,5.494877
-2.0,1,5.496748
5.0,1,5.498886
4.75,2,5.502816
5.0,1,5.504859
5.0,1,5.506888
5.75,2,5.510754
-2.55,4,5.518422
-3.05,6,5.530302
-2.0,1,5.532267
-2.0,1,5.534258
-3.3,7,5.547465
-2.8,5,5.557197
6.0,1,5.559253
-2.05,2,5.563037
-3.3,7,5.576915
5.0,1,5.579016
-2.05,2,5.582989
5.0,1,5.585019
-2.3,3,5.590964
6.0,1,5.593024
6.0,1,5.59501
6.0,1,5.596989
-3.3,7,5.610667
4.75,2,5.614979
-2.55,4,5.622895
-2.05,2,5.626856
-2.0,1,5.62886
-2.05,2,5.632854
-2.05,2,5.636907
-5.3,15,5.666065
6.0,1,5.66811
4.75,2,5.672117
-2.05,2,5.676095
-2.0,1,5.678143
-5.25,18,5.714213
4.75,2,5.718075
5.75,2,5.722039
-5.25,18,5.759605
-2.55,4,5.768484
-2.3,3,5.775246
-2.0,1,5.777491
6.0,1,5.7798
-5.15,16,5.817106
-2.0,1,5.819464
5.0,1,5.821849
-3.3,7,5.838193
5.9,3,5.845245
-2.05,2,5.849919
-3.8,9,5.870662
-2.0,1,5.873009
-2.0,1,5.875301
5.0,1,5.877756
-2.55,4,5.887473
-4.05,10,5.91129
5.0,1,5.914103
-4.55,12,5.943588
-2.05,2,5.948463
4.75,2,5.953333
4.75,2,5.958275
-5.15,16,5.995012
5.0,1,5.997344
5.75,2,6.002173
-2.3,3,6.009243
-2.0,1,6.011497
-2.0,1,6.013778
-2.55,4,6.022702
4.75,2,6.027356
-2.05,2,6.031948
-2.0,1,6.034206
-3.3,7,6.050068
-2.0,1,6.052413
-2.8,5,6.063604
4.75,2,6.068079
-2.05,2,6.072603
5.0,1,6.074937
-5.25,18,6.113022
6.0,1,6.11517
5.0,1,6.117272
-2.3,3,6.123595
-4.05,10,6.144762
-3.05,6,6.157079
5.0,1,6.159177
-2.55,4,6.167418
5.75,2,6.171674
-2.3,3,6.177993
-2.0,1,6.180044
-3.55,8,6.196269
-3.05,6,6.209744
-2.0,1,6.212113
4.75,2,6.216794
6.0,1,6.219198
-2.0,1,6.221511
-3.05,6,6.235151
-2.05,2,6.239684
-5.25,18,7.747673
-2.05,2,7.751706
-2.0,1,7.753639
6.0,1,7.755636
-2.3,3,7.761693
-2.6,5,7.771845
-2.1,3,7.777863
-4.3,11,7.800164
-3.3,7,7.814632
-2.0,1,7.816702
6.0,1,7.818788
5.75,2,7.823044
5.75,2,7.827129
-4.85,18,7.868663
-2.0,1,7.871034
6.0,1,7.873379
-4.15,12,7.898725
5.0,1,7.900886
4.4,9,7.919976
-4.3,11,7.942992
5.95,2,7.947242
-4.85,18,7.985183
-4.3,11,8.008716
4.75,2,8.013233
-3.05,6,8.026567
-2.55,4,8.035805
-2.0,1,8.038101
-2.0,1,8.040258
4.45,8,8.058231
-2.0,1,8.060489
6.0,1,8.06295
5.75,2,8.067795
4.75,2,8.072413
-3.05,6,8.08625
5.0,1,8.088527
-2.3,3,8.095061
-2.05,2,8.099312
-2.05,2,8.103441
-2.0,1,8.105656
-2.35,4,8.114255
5.0,1,8.116488
4.75,2,8.120741
5.75,2,8.12534
-2.0,1,8.127518
-2.0,1,8.129723
-5.3,15,8.161653
-2.05,2,8.165955
-2.35,4,8.174433
5.0,1,8.176619
4.75,2,8.18084
4.75,2,8.185268
5.95,2,8.189977
-2.0,1,8.192215
-2.0,1,8.194366
-5.25,18,8.233759
-3.05,6,8.246886
-2.05,2,8.25117
4.75,2,8.255569
-5.3,15,8.287436
4.8,9,8.307245
-2.8,5,8.317902
4.75,2,8.322164
5.95,2,8.326416
-2.55,4,8.335336
-4.65,14,8.367279
-4.05,10,8.389333
4.75,2,8.393841
5.95,2,8.39829
4.7,7,8.414597
5.0,1,8.417012
-2.05,2,8.421377
-2.0,1,8.42358
4.75,2,8.428076
5.75,2,8.432789
6.0,1,8.435007
2.35,18,8.474933
5.0,1,8.477116
3.2,13,8.506288
4.85,8,8.523522
4.75,2,8.528355
-2.9,7,8.544276
-2.05,2,8.548868
-2.0,1,8.551192
4.75,2,8.555687
4.65,8,8.573936
-2.05,2,8.578528
5.0,1,8.58075
5.75,2,8.585331
6.0,1,8.587507
-2.05,2,8.59214
-4.85,18,8.632739
5.0,1,8.635006
-5.25,18,8.675891
-3.6,9,8.696122
-2.05,2,8.700418
-2.0,1,8.70269
6.0,1,8.70509
-4.85,18,8.745496
-2.0,1,8.747772
5.0,1,8.75001
-2.0,1,8.752222
5.0,1,8.75457
5.0,1,8.756763
5.0,1,8.758957
5.0,1,8.761189
5.0,1,8.763303
6.0,1,8.765536
5.0,1,8.767716
-2.0,1,8.769877
-2.0,1,8.772355
5.75,2,8.77696
-2.05,2,8.781299
5.0,1,8.783782
6.0,1,8.786201
6.0,1,8.78864
6.0,1,8.790897
5.95,2,8.795183
-2.55,4,8.80386
-2.0,1,8.805972
4.3,11,8.830366
5.75,2,8.834972
-2.05,2,8.839412
-2.8,5,8.850803
-2.9,7,10.309716
2.7,15,10.342545
6.0,1,10.344855
6.0,1,10.346997
5.0,1,10.349308
5.95,2,10.353469
-5.8,17,10.389811
4.75,2,10.394159
-2.05,2,10.398482
4.7,7,10.414708
-2.8,5,10.425314
5.75,2,10.429596
-2.55,4,10.438961
-2.55,4,10.449009
6.0,1,10.451426
-2.0,1,10.453547
4.75,2,10.457853
4.95,6,10.470254
5.15,6,10.483395
4.4,9,10.502564
-2.55,4,10.511102
5.95,2,10.515712
-2.3,3,10.522163
6.0,1,10.524398
-2.0,1,10.526471
4.75,2,10.531002
4.1,11,10.554272
4.75,2,10.558576
5.0,1,10.560706
5.0,1,10.562974
3.6,13,10.590601
-2.0,1,10.592626
5.85,4,10.601312
-2.05,2,10.605611
6.0,1,10.607781
6.0,1,10.609958
5.0,1,10.612049
5.0,1,10.614263
5.0,1,10.616386
-2.05,2,10.620538
-2.0,1,10.622661
-2.05,2,10.626753
-2.05,2,10.630771
5.65,4,10.638615
5.75,2,10.642853
4.75,2,10.646807
-2.0,1,10.648998
-2.05,2,10.653014
-2.05,2,10.657027
6.0,1,10.659152
5.0,1,10.661293
5.75,2,10.665497
-2.05,2,10.669379
-2.0,1,10.671391
4.75,2,10.675482
4.75,2,10.679839
-2.0,1,10.681917
-2.0,1,10.683993
5.7,3,10.690192
2.85,16,10.725907
4.75,2,10.730198
6.0,1,10.73229
4.75,2,10.736695
4.95,6,10.7488
5.75,2,10.753054
5.0,1,10.755145
5.95,2,10.759096
4.75,2,10.763315
5.0,1,10.765428
5.0,1,10.767638
6.0,1,10.769646
5.75,2,10.773989
6.0,1,10.776217
-2.35,4,10.784408
6.0,1,10.786412
5.9,3,10.79246
6.0,1,10.794546
-3.9,11,10.816676
4.75,2,10.821046
3.45,12,10.845927
-2.3,3,10.852149
5.75,2,10.85617
5.95,2,10.860432
-2.1,3,10.866421
-3.1,7,10.880387
4.75,2,10.884531
4.95,6,10.89682
4.9,7,10.911312
-4.05,10,10.931825
4.75,2,10.93588
-3.55,8,10.95233
6.0,1,10.954473
5.75,2,10.958474
5.75,2,10.962524
-2.55,4,10.970453
-2.0,1,10.972519
5.9,3,10.978807
5.75,2,10.982918
5.65,4,10.990873
4.75,2,10.995044
4.7,7,11.009071
4.75,2,11.013048
4.75,2,11.017178
-2.05,2,11.021104
-4.05,10,11.041066
-2.0,1,11.043043
-3.3,7,11.057037
5.75,2,11.061255
-3.05,6,11.073319
6.0,1,11.075479
5.75,2,11.079678
-2.0,1,11.081975
-2.0,1,11.084094
-2.0,1,11.086281
-2.05,2,11.090492
6.0,1,11.092757
2.45,16,11.127597
5.0,1,11.129823
5.75,2,11.134409
-2.3,3,11.140917
-3.65,10,11.162645
6.0,1,11.164886
4.75,2,11.169212
5.0,1,11.171392
5.9,3,11.178053
-2.05,2,11.18272
-4.95,16,11.219859
6.0,1,11.222289
-4.05,18,11.26296
-2.05,2,11.267383
-2.0,1,11.269588
5.0,1,11.271881
5.75,2,11.276308
5.0,1,11.278538
-4.65,18,11.320483
-2.3,3,11.327359
5.65,4,11.336403
5.0,1,11.33869
4.75,2,11.343289
5.95,2,11.347864
4.6,9,11.368413
4.45,8,11.387053
4.75,2,11.391528
-2.0,1,11.393571
6.0,1,12.831801
-4.05,18,12.870067
4.75,2,12.874165
5.75,2,12.878057
5.95,2,12.882199
4.95,6,12.894274
5.3,7,12.908067
-6.05,18,12.943543
5.7,3,12.949654
5.95,2,12.953941
4.95,6,12.966373
5.95,2,12.970418
5.45,4,12.978212
-3.55,8,12.994016
-4.05,10,13.014251
6.0,1,13.016335
5.0,1,13.018315
5.95,2,13.022274
-4.85,18,13.058078
5.35,6,13.070206
-2.3,3,13.076077
5.95,2,13.080037
5.0,1,13.082077
5.8,5,13.091933
5.95,2,13.095912
5.2,5,13.105605
5.2,5,13.115677
6.0,1,13.117611
5.75,2,13.121533
4.45,8,13.137705
6.0,1,13.139789
-2.05,2,13.143943
6.0,1,13.146056
-2.3,3,13.151802
-2.8,5,13.161758
4.95,6,13.17403
4.35,10,13.194446
-5.4,17,13.22816
5.0,1,13.230259
5.75,2,13.23431
6.0,1,13.236365
6.0,1,13.238383
5.45,4,13.246126
-2.0,1,13.248091
5.15,6,13.260175
5.75,2,13.264274
3.6,13,13.290208
5.0,1,13.292174
5.45,4,13.300329
5.15,6,13.312458
5.75,2,13.316622
4.75,2,13.32057
-2.0,1,13.322522
4.75,2,13.326431
-2.05,2,13.330338
6.0,1,13.332367
6.0,1,13.334371
5.9,3,13.340491
3.4,13,13.367222
-2.0,1,13.369265
3.65,12,13.394203
5.2,5,13.4043
5.75,2,13.408441
6.0,1,13.410561
5.0,1,13.41269
5.1,7,13.427357
5.0,1,13.429373
5.95,2,13.43329
-2.8,5,13.443554
6.0,1,13.44563
5.7,3,13.451585
5.55,6,13.463716
-2.0,1,13.465851
6.0,1,13.467952
4.85,8,13.484093
4.75,2,13.488268
5.0,1,13.490324
4.75,2,13.494338
-3.05,6,13.506375
5.95,2,13.510668
-2.0,1,13.512666
-2.0,1,13.51478
-2.0,1,13.516875
4.75,2,13.521076
-2.0,1,13.52312
5.0,1,13.525165
-2.55,4,13.533169
5.95,2,13.537146
5.0,1,13.539216
5.0,1,13.541255
5.95,2,13.545392
5.4,5,13.555653
5.0,1,13.557677
5.0,1,13.559783
-2.3,3,13.565648
5.75,2,13.569545
5.0,1,13.571495
4.2,9,13.589341
-2.05,2,13.593373
5.9,3,13.599814
5.7,3,13.606096
5.95,2,13.610406
4.2,13,13.638612
5.75,2,13.642875
-2.05,2,13.647138
-2.3,3,13.653782
5.9,3,13.660176
5.95,2,13.664435
5.65,4,13.67309
5.15,6,13.686014
6.0,1,13.68823
5.0,1,13.690486
4.85,8,13.708472
-5.15,16,13.744342
5.0,1,13.746696
-2.05,2,13.751069
6.0,1,13.753273
5.9,3,13.759915
5.9,3,13.766966
5.0,1,13.769461
5.95,2,13.774046
5.0,1,13.776378
5.95,2,13.7809
6.0,1,13.783316
4.75,2,13.787782
6.0,1,13.789875
5.0,1,13.79207
5.0,1,13.794245
5.75,2,13.798668
-2.0,1,13.800778
5.9,3,13.807307
5.0,1,13.809509
5.75,2,13.813912
6.0,1,13.816111
5.75,2,13.820599
5.4,5,13.831805
4.75,2,13.836294
6.0,1,13.838521
5.95,2,13.84297
3.95,14,13.874569
3.7,11,15.256225
6.0,1,15.258518
6.0,1,15.260694
-2.3,3,15.266696
5.45,4,15.274906
-4.3,11,15.296561
-2.3,3,15.302761
-2.1,3,15.308568
4.75,2,15.312525
-2.1,3,15.318614
5.0,1,15.320616
-2.1,3,15.326496
5.0,1,15.328522
3.85,16,15.360936
5.0,1,15.362929
5.75,2,15.36707
5.9,3,15.373002
5.0,1,15.374967
5.75,2,15.378979
5.1,7,15.393382
5.9,3,15.399333
5.45,4,15.407426
-2.05,2,15.411686
5.95,2,15.416011
5.95,2,15.420446
5.9,3,15.427009
-2.05,2,15.431388
5.9,3,15.437926
-2.0,1,15.440078
-2.0,1,15.442302
-2.0,1,15.444494
5.0,1,15.446615
5.0,1,15.448739
-2.35,4,15.456948
5.0,1,15.459054
5.75,2,15.463108
4.75,2,15.467206
6.0,1,15.469219
3.85,12,15.493383
5.7,3,15.499261
6.0,1,15.50127
5.95,2,15.50527
2.2,17,15.540297
5.2,5,15.550316
5.15,6,15.562767
5.95,2,15.566842
-2.0,1,15.568852
5.0,1,15.570868
5.65,4,15.578646
5.75,2,15.582888
4.75,2,15.586978
5.75,2,15.590894
5.9,3,15.597069
5.0,1,15.599098
4.95,6,15.611038
6.0,1,15.613046
4.75,2,15.61713
5.95,2,15.62133
5.0,1,15.62343
5.75,2,15.627546
6.0,1,15.629639
5.95,2,15.633804
4.5,11,15.65614
5.95,2,15.660128
5.9,3,15.666224
-2.55,4,15.674101
4.75,2,15.678277
-2.0,1,15.680161
5.0,1,15.682286
4.75,2,15.68658
-4.45,18,15.725816
5.75,2,15.730225
5.55,6,15.743299
3.45,16,15.778373
-2.05,2,15.782684
5.9,3,15.789307
5.4,5,15.800179
5.95,2,15.804783
5.9,3,15.81148
5.75,2,15.816073
6.0,1,15.818256
4.75,2,15.822755
6.0,1,15.824925
4.35,10,15.846951
5.95,2,15.851117
-2.55,4,15.859306
6.0,1,15.861571
-2.05,2,15.865589
5.75,2,15.869781
5.95,2,15.874039
5.45,4,15.882173
5.95,2,15.886321
5.75,2,15.890505
5.75,2,15.894562
6.0,1,15.896609
-2.8,5,15.90707
5.95,2,15.911124
5.9,3,15.917243
5.45,4,15.925374
5.65,4,15.933331
5.0,1,15.935331
5.1,7,15.949639
4.75,2,15.953662
5.95,2,15.957662
-4.45,18,15.993793
4.65,8,16.0094
4.8,9,16.027339
5.4,5,16.037684
5.0,1,16.039751
4.8,9,16.057944
-5.4,17,16.092056
-2.8,5,16.102138
-2.0,1,16.104076
4.7,7,16.11868
5.75,2,16.122633
6.0,1,16.124661
6.0,1,16.126751
6.0,1,16.128762
5.0,1,16.130845
5.0,1,16.13289
5.0,1,16.135014
-2.05,2,16.139084
6.0,1,16.141239
4.95,6,16.154052
4.75,2,16.158189
5.9,3,16.164336
5.95,2,16.168479
4.75,2,16.172513
5.7,3,16.178238
5.95,2,16.182411
-2.05,2,16.186568
5.2,5,16.197158
-2.8,5,16.207613
5.2,5,16.217643
4.95,6,16.230145
4.15,10,16.250691
6.0,1,16.252635
-2.05,2,16.256524
-2.0,1,16.258525
-2.0,1,16.26048
5.0,1,16.26256
-2.05,2,16.266442
-2.0,1,16.268492
6.0,1,16.270607
5.75,2,16.274659
4.85,8,16.291184
5.0,1,16.293198
5.0,1,16.29518
-2.0,1,16.297096
5.0,1,16.299125
5.9,3,17.673002
6.0,1,17.675129
-2.0,1,17.677116
5.95,2,17.681303
4.55,10,17.70168
5.75,2,17.705774
5.95,2,17.709801
-2.0,1,17.711825
5.0,1,17.713852
5.75,2,17.718055
6.0,1,17.720115
5.0,1,17.722091
4.75,2,17.726
6.0,1,17.727947
5.0,1,17.729942
-2.0,1,17.732013
6.0,1,17.734114
5.0,1,17.73608
5.95,2,17.740068
5.9,3,17.745978
5.85,4,17.753971
5.95,2,17.757972
6.0,1,17.760099
6.0,1,17.762118
-2.0,1,17.764036
5.95,2,17.768078
4.75,2,17.772044
5.9,3,17.778091
5.9,3,17.784158
-4.05,18,17.821249
-3.05,6,17.833636
6.0,1,17.835776
5.75,2,17.839868
4.45,8,17.855837
-2.0,1,17.857861
4.75,2,17.862065
4.75,2,17.866205
6.0,1,17.868204
6.0,1,17.870324
5.75,2,17.874277
6.0,1,17.876335
5.0,1,17.878387
-2.0,1,17.880435
5.95,2,17.884537
6.0,1,17.886554
5.4,5,17.89667
5.75,2,17.900823
6.0,1,17.903038
5.4,5,17.913521
5.75,2,17.917607
5.0,1,17.919656
5.95,2,17.923795
4.7,7,17.938195
-2.0,1,17.940172
-2.0,1,17.94225
5.65,4,17.95056
-6.35,32,18.018795
7.9,3,18.025171
7.7,3,18.031311
-7.95,32,18.100494
5.0,1,18.102763
-6.35,32,18.170754
-7.55,32,18.233096
-6.35,32,18.29604
7.45,4,18.304144
6.0,1,18.306091
-3.1,7,18.319769
5.0,1,18.321758
8.0,1,18.323699
-7.55,32,18.384585
-8.55,32,18.445653
-5.5,19,18.484065
-3.9,15,18.514287
5.95,2,18.518052
6.0,1,18.519952
-6.75,32,18.581601
7.65,4,18.589373
-7.35,32,18.648364
7.45,4,18.655839
3.25,24,19.996321
7.75,2,20.000147
8.0,1,20.002125
6.7,7,20.015866
5.95,2,20.019933
-2.0,1,20.021714
3.15,26,20.071961
7.35,6,20.083547
5.95,2,20.087265
7.3,7,20.100817
5.0,1,20.102842
-4.95,20,20.14096
6.45,8,20.156343
-2.05,2,20.160029
5.65,16,20.191549
4.75,2,20.195443
-5.5,19,20.232819
7.35,6,20.246036
7.45,4,20.254889
5.35,6,20.267855
6.9,7,20.282745
7.95,2,20.2866
-6.55,32,20.351367
-2.0,1,20.353385
6.2,13,20.379167
5.85,4,20.387517
-6.55,32,20.453518
7.95,2,20.4576
7.75,2,20.461663
5.95,2,20.465707
-6.95,32,20.529702
-2.35,4,20.537618
-3.0,9,20.555431
-2.0,1,20.557356
-7.75,32,20.620358
7.6,5,20.630149
5.95,14,20.657553
5.0,1,20.65952
6.0,1,20.661505
5.75,2,20.665448
3.8,25,20.714943
-6.75,32,20.77725
5.95,2,20.781193
7.75,2,20.784995
-5.9,27,20.837444
-3.55,8,20.852959
5.0,1,20.854943
7.9,3,20.860986
6.5,11,20.882909
7.95,2,20.887027
4.75,2,20.891086
-2.6,5,20.90076
-6.55,32,20.96444
4.75,2,20.968288
5.6,17,21.00108
7.75,2,22.349717
7.95,2,22.353605
8.0,1,22.355548
7.4,5,22.365044
5.0,1,22.367011
5.55,14,22.394718
-5.15,20,22.434534
4.75,2,22.438473
-2.0,1,22.440333
-2.3,3,22.446189
5.0,1,22.448152
5.0,1,22.450148
6.25,12,22.47677
8.0,1,22.478959
7.85,4,22.487946
7.85,4,22.496692
7.95,2,22.501217
7.6,5,22.512665
6.0,1,22.515038
-2.0,1,22.517258
7.95,2,22.522251
5.5,15,22.556902
-2.35,4,22.566077
5.0,1,22.568413
3.95,26,22.629075
-2.0,1,22.631469
6.0,1,22.63391
7.9,3,22.641378
5.0,1,22.643938
-3.15,8,22.662669
-3.7,15,22.698312
5.0,1,22.70074
7.3,7,22.716945
-2.7,7,22.733068
6.65,12,22.760767
8.0,1,22.763185
7.1,7,22.779073
5.0,1,22.781337
7.3,7,22.7973
7.15,10,22.820688
-5.4,21,22.868737
-7.0,29,22.934574
6.3,11,22.95978
7.85,4,22.969172
6.7,11,22.994313
5.9,3,23.001212
5.7,15,23.035631
-2.0,1,23.037901
-6.95,32,23.111253
4.75,2,23.116963
-2.85,6,23.131289
-5.35,32,23.214262
8.0,1,23.216742
5.0,1,23.219212
5.0,1,23.221888
-4.35,16,23.262736
-8.15,32,23.352547
5.95,2,23.357882
-5.75,32,23.438655
3.9,27,23.501549
5.0,1,23.503862
6.35,10,23.526728
7.15,6,23.540829
7.6,5,25.201153
6.5,11,25.227702
8.0,1,25.230134
-3.3,11,25.254822
6.8,9,25.274098
5.6,17,25.308614
7.75,6,25.320964
4.75,2,25.324976
2.4,29,25.380804
-2.7,7,25.394048
-2.0,1,25.395928
5.0,1,25.397882
7.55,6,25.409491
7.4,9,25.427127
7.0,9,25.444723
7.7,3,25.450711
5.0,1,25.452616
6.3,11,25.475069
-2.0,1,25.476937
6.45,12,25.50108
7.75,2,25.505169
6.35,10,25.525767
7.85,4,25.533959
7.4,5,25.544003
6.0,1,25.545922
6.0,1,25.547911
6.05,12,25.571617
5.15,6,25.583132
7.9,3,25.588822
7.85,4,25.596762
7.95,2,25.600652
8.0,1,25.602705
-2.05,2,25.60647
7.8,5,25.616062
7.1,7,25.629396
5.9,3,25.635156
7.85,4,25.642802
5.0,1,25.644706
7.65,4,25.652327
7.9,3,25.657846
3.75,22,25.700583
6.8,9,25.719257
5.0,1,25.72119
-2.05,2,25.724979
5.0,1,25.726968
5.95,2,25.730773
7.85,4,25.73852
7.0,9,25.75614
-2.0,1,25.758125
6.65,8,25.774181
7.45,4,25.781964
5.75,2,25.785752
-2.0,1,25.787537
7.05,8,25.80283
6.05,20,25.839638
5.95,2,25.843081
7.1,7,25.855778
8.0,1,25.857596
-2.05,2,25.861151
7.35,6,25.872777
7.65,4,25.880327
5.4,5,25.889797
7.95,2,25.893593
7.95,2,25.897417
6.35,10,25.916137
5.85,16,25.945874
-2.05,2,25.949437
6.45,12,25.972146
-2.0,1,25.974021
-5.35,32,26.033766
5.0,1,26.035624
5.9,3,26.041125
7.1,7,26.054077
5.95,2,26.057671
-2.0,1,26.059442
-2.0,1,26.061257
5.9,3,26.06669
4.75,2,26.070255
3.65,24,26.114527
7.9,3,26.12007
7.1,11,26.139159
5.0,1,26.140943
6.25,16,26.169577
5.0,1,26.171438
4.75,2,26.17502
5.7,15,27.446817
5.7,15,27.478227
7.75,6,27.490094
-2.0,1,27.492109
7.85,4,27.500118
6.0,1,27.502106
4.75,2,27.505966
7.9,3,27.511455
5.0,1,27.513366
7.6,5,27.522968
-2.0,1,27.524848
-2.0,1,27.526756
6.45,12,27.549339
-2.95,8,27.56481
7.55,6,27.576494
-2.1,3,27.582198
7.85,4,27.589653
-2.0,1,27.591486
-2.0,1,27.593404
5.8,5,27.602741
7.2,9,27.619936
5.75,2,27.623728
7.9,3,27.629453
-2.0,1,27.631292
4.75,2,27.635146
5.95,2,27.638965
5.0,1,27.640833
7.95,2,27.644542
-2.0,1,27.646594
8.0,1,27.648551
7.35,6,27.659818
7.9,3,27.665328
6.0,1,27.667273
7.75,2,27.670961
6.9,11,27.691679
7.9,3,27.69714
7.75,2,27.700855
5.95,2,27.704479
-2.0,1,27.706269
-2.05,2,27.709944
5.85,12,27.732898
6.0,1,27.734827
4.75,2,27.73858
7.95,2,27.742327
4.85,20,27.780328
5.75,2,27.783988
-2.0,1,27.785999
6.9,7,27.799286
7.95,2,27.803192
6.65,8,27.818166
7.45,4,27.825624
-2.95,8,27.840854
7.85,4,27.84886
7.95,2,27.852525
5.0,1,27.854387
7.75,2,27.858101
5.0,1,27.85996
7.85,4,27.868211
6.25,12,27.892756
-2.0,1,27.894702
5.0,1,27.896728
7.95,2,27.900734
7.15,6,27.912963
7.65,4,27.920469
7.6,5,27.930084
6.0,17,27.962669
6.0,1,27.964623
-3.3,11,27.98631
7.95,2,27.990067
7.4,5,27.999405
7.85,4,28.006918
7.75,6,28.018152
7.4,9,28.035468
7.8,5,28.044966
7.95,2,28.048832
6.9,7,28.062778
6.95,10,28.081815
7.65,4,28.089345
4.75,30,28.145944
4.05,28,28.198518
4.75,2,28.202234
7.3,7,28.215342
5.0,1,28.217295
7.3,7,28.230436
8.0,1,28.232241
7.8,5,28.241548
7.95,2,28.245815
7.2,9,28.265259
5.0,1,28.267561
3.5,27,28.330718
7.75,6,28.34501
7.5,7,28.361713
7.3,7,28.379187
6.75,10,28.404073
5.0,1,28.40669
-2.05,2,28.411718
-2.0,1,28.414303
7.75,2,28.419276
7.25,8,28.438544
7.8,5,28.449965
6.5,11,29.903699
7.95,2,29.908792
5.0,1,29.911237
5.0,1,29.913682
-4.2,17,29.95317
-2.0,1,29.955699
-2.1,3,29.962843
4.75,2,29.967415
5.9,15,30.002108
7.75,6,30.015734
5.0,1,30.018056
5.65,4,30.02747
7.85,4,30.036499
7.85,4,30.045547
-2.15,4,30.054361
6.6,9,30.075617
6.85,8,30.093654
5.0,1,30.096014
6.55,10,30.119152
8.0,1,30.121418
5.0,1,30.123654
7.2,5,30.135016
8.0,1,30.137404
7.75,6,30.151032
8.0,1,30.153309
7.1,7,30.168123
5.7,19,30.208177
7.5,7,30.222928
6.85,8,30.2397
7.9,3,30.245823
7.85,4,30.254201
6.0,1,30.256403
7.05,8,30.273395
7.95,2,30.278551
6.7,7,30.294381
-2.0,1,30.296685
5.0,1,30.299061
6.75,10,30.321141
7.55,6,30.334524
7.75,2,30.338992
4.75,2,30.343195
7.85,4,30.351816
7.2,9,30.371522
7.75,6,30.384481
6.85,8,30.401851
-2.0,1,30.404208
6.0,1,30.406529
7.95,2,30.410797
7.9,3,30.41712
-2.0,1,30.419168
8.0,1,30.421313
7.9,3,30.427726
7.95,2,30.431884
6.55,10,30.453057
7.0,9,30.472064
5.0,1,30.474154
6.0,1,30.476184
7.4,5,30.486653
-2.0,1,30.488753
6.0,1,30.491289
6.0,1,30.493697
5.0,1,30.49617
7.9,3,30.503164
-2.1,3,30.510081
7.25,8,30.528315
5.0,1,30.53058
7.5,7,30.546627
5.0,1,30.549004
-2.0,1,30.551245
7.95,2,30.555966
7.95,2,30.56069
6.9,7,30.576693
-2.05,2,30.581283
5.95,2,30.585983
7.95,2,30.590501
5.0,1,30.592855
8.0,1,30.595244
7.9,3,30.602052
7.3,7,30.616865
7.15,10,30.638034
7.95,2,30.642339
7.5,7,30.656896
5.9,15,30.688877
6.7,11,30.712075
7.3,7,30.726976
7.95,2,30.731171
8.0,1,30.733365
5.95,2,30.737765
6.8,9,30.757107
-2.05,2,30.761282
7.9,3,30.767914
-2.0,1,30.770067
5.0,1,30.772206
5.55,14,30.802132
6.0,1,30.804199
5.9,15,30.837359
-2.0,1,30.839675
7.95,2,30.844439
5.35,14,30.877246
4.65,20,30.924855
7.95,2,30.92968
-2.0,1,30.931931
7.7,3,30.938661
7.65,4,30.947717
5.95,2,30.951966
6.65,12,30.978894
7.75,2,30.983315
8.0,1,30.985597
7.05,8,31.002723
7.75,2,31.007151
7.85,4,31.015925
7.75,6,32.523547
-2.05,2,32.527877
7.9,3,32.534407
6.55,10,32.55717
-6.55,32,32.626955
7.65,4,32.6355
5.95,2,32.639654
7.8,5,32.650312
7.75,6,32.663229
5.0,1,32.665637
7.85,4,32.674267
8.0,1,32.676535
7.75,6,32.689256
5.9,3,32.695616
7.25,8,32.712557
-2.0,1,32.714634
-2.25,6,32.727254
7.45,4,32.73583
7.9,3,32.742258
6.7,11,32.766067
7.9,3,32.772412
7.9,3,32.778744
7.8,5,32.789399
7.45,8,32.806809
5.8,17,32.842876
5.0,1,32.845055
5.95,2,32.8493
8.0,1,32.85155
6.0,1,32.8537
7.95,2,32.857902
7.9,3,32.864396
7.55,6,32.877336
7.65,4,32.886051
7.8,5,32.897559
7.1,7,32.91404
5.95,2,32.918657
5.9,3,32.925598
7.95,2,32.930084
7.95,2,32.934521
-2.0,1,32.936761
-2.0,1,32.939077
5.0,1,32.941304
-2.0,1,32.94347
6.0,13,32.972967
5.95,2,32.977245
7.95,2,32.981527
7.85,4,32.99034
7.95,2,32.994538
5.45,4,33.003309
7.05,8,33.021345
-2.0,1,33.023651
5.9,3,33.030414
7.05,8,33.048494
5.0,1,33.050782
-2.0,1,33.053056
7.0,9,33.07316
5.0,1,33.075269
7.85,4,33.083895
7.85,4,33.093019
7.95,2,33.097338
5.35,18,33.135657
5.0,1,33.137773
7.95,2,33.141993
-2.05,2,33.146216
7.85,4,33.154613
7.8,5,33.164993
7.85,4,33.17359
7.9,3,33.180177
6.0,1,33.182357
-2.0,1,33.184583
7.9,3,33.191468
7.85,4,33.200498
7.75,6,33.213351
-2.1,3,33.220099
6.35,14,33.25062
7.95,2,33.254878
-2.0,1,33.257006
7.05,8,33.274312
7.85,4,33.283284
-2.1,3,33.289646
5.0,1,33.291944
7.8,5,33.302767
-2.0,1,33.304815
7.7,3,33.311514
-2.0,1,33.313653
7.95,2,33.318103
5.0,1,33.320212
4.35,22,33.365678
5.85,12,33.389714
5.9,3,33.395725
7.6,5,33.405714
7.75,2,33.409759
7.9,3,33.415917
5.95,2,33.419979
8.0,1,33.421932
7.9,3,33.427807
5.0,1,33.429806
6.7,11,33.452051
6.0,1,33.454027
7.8,5,33.463949
5.4,5,33.473958
7.65,4,33.481976
8.0,1,33.483914
5.0,1,33.485887
7.8,5,33.495983
7.6,5,33.505678
7.65,4,33.513592
-2.0,1,33.515658
7.55,6,33.527978
6.05,16,33.560152
5.9,3,33.566073
5.8,13,33.591766
7.95,2,33.59573
7.95,2,33.599783
-2.35,4,34.984055
6.15,14,35.013122
7.85,4,35.021059
6.35,14,35.049474
5.0,1,35.051522
7.95,2,35.055681
-2.0,1,35.057683
-2.0,1,35.059936
-2.0,1,35.062065
7.6,5,35.072416
7.85,4,35.080468
7.8,5,35.090497
8.0,1,35.092428
7.4,5,35.102625
7.7,3,35.108601
-2.0,1,35.110577
8.0,1,35.112594
6.4,13,35.13818
5.0,1,35.140215
7.9,3,35.146351
6.0,1,35.148412
7.75,2,35.152447
7.4,5,35.162526
6.25,12,35.186478
-2.0,1,35.188821
7.75,6,35.201757
-2.05,2,35.206018
7.9,3,35.212538
7.9,3,35.218898
6.8,9,35.238326
7.15,6,35.250567
4.75,2,35.254597
7.95,2,35.258686
7.9,3,35.264801
7.75,6,35.277174
7.95,2,35.281169
6.0,1,35.283266
6.6,13,35.309473
5.9,3,35.315724
7.85,4,35.323704
7.85,4,35.331727
6.0,1,35.333789
5.0,1,35.335848
6.0,1,35.337918
5.0,1,35.340055
5.0,1,35.34212
5.95,2,35.346103
-2.0,1,35.348091
6.4,13,35.374051
7.85,4,35.38212
8.0,1,35.384165
7.95,2,35.388241
7.55,6,35.400646
7.3,7,35.415595
-2.0,1,35.41762
7.95,2,35.421915
5.25,16,35.454453
7.8,5,35.464262
5.0,1,35.466225
7.85,4,35.474293
6.0,1,35.476215
7.9,3,35.482139
-8.45,50,35.586126
-10.25,50,35.680508
-9.65,50,35.778013
-7.45,50,35.874297
10.0,1,35.876404
7.9,3,35.882587
-8.85,50,35.984267
-8.85,50,37.502396
5.0,1,37.504277
9.7,7,37.517248
7.6,5,37.52689
7.8,5,37.536458
-5.6,21,37.5769
-2.5,7,37.590089
-7.35,32,37.650524
8.55,14,37.677514
9.85,4,37.685199
-8.65,50,37.781839
-4.5,19,37.817862
-3.0,9,37.83551
-2.05,2,37.839391
9.0,9,37.856637
9.6,5,37.866282
-3.55,12,37.889347
6.0,1,37.891374
-2.6,5,37.90067
-2.9,7,37.914227
9.2,9,37.931412
9.95,2,37.935199
-2.0,1,37.937061
-2.45,6,37.948428
9.65,4,37.956899
9.95,2,37.960711
4.4,33,38.023681
-2.95,8,38.039238
5.9,3,38.045319
-8.95,48,38.137685
9.8,5,38.147139
9.95,2,38.151045
-7.6,49,38.244539
-10.45,50,38.33949
-2.0,1,38.341438
-2.7,7,38.354748
9.0,9,38.371825
7.75,6,38.383603
4.75,2,38.387396
-2.35,4,38.394999
5.0,1,38.396902
6.45,24,39.885886
9.9,3,39.891963
9.95,2,39.896178
7.8,13,39.922974
-2.0,1,39.924926
-3.7,15,39.954963
5.95,2,39.95909
-2.05,2,39.963349
5.0,1,39.965382
7.05,20,40.005651
-2.15,4,40.014042
4.6,41,40.096405
9.8,5,40.106411
2.95,46,40.199331
6.0,1,40.201315
9.1,11,40.223688
9.45,8,40.239844
8.0,1,40.241833
9.3,7,40.25583
5.0,1,40.257825
5.0,1,40.259867
9.8,5,40.270219
-3.75,16,40.303617
5.95,2,40.30782
9.85,4,40.316266
9.7,3,40.322544
5.9,3,40.32873
-2.0,1,40.330817
-2.0,1,40.332903
7.9,3,40.339246
-5.2,21,40.383402
10.0,1,40.385497
5.0,1,40.387728
-2.45,6,40.400385
8.85,16,40.434885
-3.45,14,40.465576
-2.75,8,40.483078
8.0,1,40.48531
-2.35,4,40.493728
3.1,43,40.584897
-2.6,9,40.604147
6.0,1,40.60628
8.6,17,40.64229
7.85,4,40.650915
7.05,20,40.693113
9.3,11,40.716103
-4.15,16,40.749422
5.95,2,40.753594
-2.0,1,40.755666
9.85,4,40.763994
6.3,31,40.828501
8.7,11,40.851887
-2.05,2,40.85602
7.7,7,40.870806
7.85,4,40.879172
-2.1,3,40.885334
-2.0,1,40.887354
5.0,1,40.889376
9.15,14,42.329124
5.0,1,42.331146
9.85,4,42.339028
9.2,9,42.357296
7.9,3,42.363166
8.75,10,42.382677
9.05,8,42.398709
9.5,7,42.412239
9.9,3,42.418318
5.0,1,42.420272
6.2,25,42.469174
9.3,11,42.49118
-2.0,1,42.493163
-2.55,4,42.500987
-2.4,9,42.518556
8.7,11,42.540304
5.7,3,42.546421
-2.0,1,42.548332
4.75,38,42.62326
-2.2,5,42.633074
-3.6,13,42.658393
-2.1,3,42.664203
9.5,7,42.678188
-2.7,7,42.691962
8.6,17,42.72569
-2.55,8,42.741413
8.9,11,42.763271
7.75,2,42.76715
-2.0,1,42.769051
-4.0,17,42.802408
9.55,10,42.822134
6.5,27,42.875613
7.2,21,42.917409
-2.0,1,42.91944
5.0,1,42.921494
9.8,5,42.931384
9.8,5,42.940884
7.35,18,42.976425
7.5,23,43.022223
-2.0,1,43.024136
7.75,18,43.059645
9.45,8,43.075284
4.65,40,43.155346
9.85,4,43.163243
7.65,4,43.171159
-2.1,3,43.177086
9.95,2,43.181125
7.85,4,43.188967
10.0,1,43.191007
9.85,4,43.198864
5.0,1,43.2008
-2.3,3,43.206823
-2.2,5,43.216645
9.9,3,43.222543
8.35,14,43.25027
5.0,1,43.252289
6.0,1,43.254268
8.5,11,43.275836
8.9,11,43.297645
0.95,50,44.80644
-2.2,5,44.816896
9.3,7,44.831678
6.0,1,44.833795
6.0,1,44.83589
9.8,5,44.846332
7.95,2,44.850479
-5.55,28,44.910341
9.45,8,44.928187
8.6,13,44.957192
9.85,4,44.965932
9.3,11,44.988196
7.75,2,44.992228
8.85,12,45.016632
7.95,2,45.02079
4.5,39,45.124751
8.95,10,45.147706
6.65,24,45.20229
8.8,13,45.231295
10.0,1,45.233361
9.9,3,45.239702
9.8,5,45.250397
9.55,10,45.27162
7.9,3,45.277969
5.0,1,45.280072
8.0,1,45.282229
7.0,21,45.32816
8.6,13,45.356051
5.75,2,45.360244
10.0,1,45.362344
7.7,19,45.402735
7.9,3,45.409228
9.5,7,45.424139
9.95,2,45.428257
6.0,25,45.481146
7.8,17,45.516971
-9.65,50,45.623131
9.25,8,45.640203
-2.75,12,45.665653
9.5,7,45.680489
-2.15,4,45.688743
6.1,27,45.745793
5.0,1,45.747968
-2.05,2,45.752284
5.0,1,45.754454
5.75,2,45.758754
7.6,21,45.803103
-2.0,1,45.805168
-2.15,4,45.813594
-2.55,8,45.830684
7.85,4,45.839193
9.55,6,45.85178
9.2,9,47.263957
8.65,8,47.28039
5.0,1,47.282476
9.5,7,47.296566
-2.0,1,47.298625
9.6,9,47.316879
-2.0,1,47.318821
9.65,4,47.327067
5.0,1,47.329008
-2.05,2,47.333025
-2.8,9,47.351393
8.15,18,47.388213
6.0,1,47.390342
-2.0,1,47.392367
8.25,20,47.433953
8.6,13,47.459779
-2.0,1,47.461694
9.8,5,47.471927
7.9,3,47.477988
10.0,1,47.479998
-3.25,10,47.499621
6.0,1,47.501771
5.95,2,47.505766
8.7,15,47.535438
8.6,13,47.560971
8.45,16,47.592466
8.6,9,47.610437
-2.0,1,47.612338
9.6,9,47.630108
5.95,2,47.63401
9.8,5,47.644114
9.55,10,47.66421
-2.05,2,47.668139
9.65,8,47.683903
9.5,7,47.697672
-2.0,1,47.69972
-3.7,11,47.721577
8.0,13,47.747552
6.2,33,47.812724
9.4,9,47.830619
9.8,5,47.840819
8.0,17,47.874107
5.0,1,47.876228
9.7,7,47.889991
9.1,11,47.911659
-2.05,2,47.915547
9.95,2,47.919485
5.0,1,47.921428
-7.45,50,48.020679
7.25,20,48.060157
9.5,7,48.073848
-2.0,1,48.075816
10.0,1,48.077862
9.15,10,48.097725
9.9,3,48.103871
5.9,27,48.157514
9.85,4,48.165489
9.85,4,48.173274
5.95,2,48.1773
-2.0,1,48.179297
5.0,1,48.18128
9.5,11,48.203048
8.2,21,48.244478
5.0,1,48.246468
5.0,1,48.248409
9.55,6,48.260048
9.95,2,48.263996
7.45,8,49.734877
10.0,1,49.736975
9.9,3,49.7433
8.75,14,49.771138
7.7,15,49.801404
-2.2,5,49.811274
9.7,7,49.825887
8.6,13,49.851432
8.95,10,49.871756
9.9,3,49.877693
7.85,4,49.88555
9.25,8,49.901452
-2.0,1,49.903683
9.6,9,49.922077
9.7,7,49.936793
9.7,7,49.951051
5.75,26,50.002077
5.4,29,50.058754
9.0,13,50.084423
9.65,4,50.092489
8.95,14,50.120538
9.25,8,50.136489
-2.0,1,50.138419
9.85,4,50.146446
9.35,10,50.166143
-2.25,6,50.178022
-2.0,1,50.179996
-2.0,1,50.181974
10.0,1,50.183977
-2.0,1,50.185901
9.9,3,50.191756
4.75,2,50.195763
7.85,4,50.203755
9.65,8,50.21946
8.7,11,50.241431
9.25,8,50.257113
9.15,10,50.278654
8.5,15,50.30942
9.3,11,50.332495
5.95,2,50.336496
-2.0,1,50.338444
-2.0,1,50.340542
5.9,3,50.346761
9.25,12,50.371271
9.95,2,50.375317
-2.1,3,50.381221
5.75,2,50.385509
-2.0,1,50.387518
8.65,12,50.411851
9.75,6,50.424114
-2.35,8,50.440562
9.9,3,50.44758
7.65,20,50.491002
7.2,25,50.55005
9.15,10,50.574419
8.8,9,50.596171
8.65,12,50.623378
-2.0,1,50.62547
-2.0,1,50.627868
5.7,3,50.634517
9.3,7,50.651513
7.0,9,50.672989
8.05,24,50.728711
9.85,4,50.738037
5.8,29,52.125579
8.5,15,52.155371
9.35,10,52.175471
9.2,9,52.193421
5.95,2,52.197336
9.2,9,52.215036
-2.85,6,52.226772
9.8,5,52.236556
9.6,5,52.246405
9.75,6,52.258456
9.9,3,52.264518
5.9,3,52.270339
8.75,10,52.289679
6.0,1,52.291707
8.55,14,52.318756
9.1,11,52.340582
8.4,9,52.358041
-2.25,6,52.369868
9.7,7,52.384176
7.95,2,52.388426
9.9,3,52.394274
10.0,1,52.396209
9.1,11,52.418731
8.9,11,52.440273
9.75,2,52.444244
7.95,14,52.471725
9.45,8,52.487333
-2.0,1,52.489229
-2.0,1,52.491282
8.35,18,52.528225
9.35,6,52.540997
9.75,6,52.554079
-2.2,5,52.564694
-2.15,4,52.57329
9.95,2,52.577609
9.25,8,52.594644
7.95,2,52.598665
9.2,9,52.617554
7.45,4,52.625938
9.8,5,52.635881
9.15,10,52.655516
9.95,2,52.659355
-4.7,19,52.69763
8.25,12,52.721667
5.0,1,52.723707
9.45,8,52.739632
8.65,12,52.76449
9.9,3,52.770415
8.9,11,52.792362
9.9,3,52.798269
5.0,1,52.800287
9.6,5,52.810409
7.05,24,52.858221
9.9,3,52.864376
9.8,5,52.873937
9.2,9,52.8924
9.75,6,52.904611
-3.3,11,52.927082
9.9,3,52.933372
5.9,3,52.939368
4.75,2,52.943366
-2.0,1,52.945391
9.85,4,52.953388
7.5,19,52.990665
9.55,6,53.002566
6.15,14,53.030066
5.0,1,53.032104
9.95,2,53.036144
8.55,10,53.056513
-2.0,1,53.058455
5.95,2,53.062482
9.85,4,53.070492
4.4,37,53.144975
9.8,5,54.488173
7.1,7,54.50319
5.0,1,54.505258
-2.0,1,54.507345
9.7,7,54.522843
9.45,8,54.53967
9.3,11,54.562671
9.55,6,54.574827
9.0,13,54.601336
9.8,5,54.611161
7.8,5,54.6222
9.25,8,54.639329
9.85,4,54.647778
-2.0,1,54.649895
9.85,4,54.65823
9.05,12,54.684053
9.8,5,54.69478
6.0,1,54.696881
5.9,3,54.703311
-2.1,3,54.709697
9.7,7,54.724613
7.75,2,54.728899
5.0,1,54.731046
9.45,8,54.747996
9.15,10,54.769501
9.25,8,54.786747
5.0,1,54.789189
9.8,5,54.800884
9.3,7,54.817516
-2.0,1,54.819964
8.85,12,54.848845
9.7,7,54.866196
9.8,5,54.878567
-2.6,9,54.901544
9.75,6,54.916394
8.0,1,54.918928
5.0,1,54.921462
9.9,3,54.928752
9.7,7,54.946078
9.55,10,54.970088
9.95,2,54.975054
-3.2,13,55.006771
10.0,1,55.00931
-2.0,1,55.011676
5.0,1,55.014082
7.9,15,55.050427
8.8,13,55.081125
9.95,2,55.08597
10.0,1,55.088445
9.7,7,55.105218
7.35,22,55.15529
9.8,5,55.16677
9.95,2,55.171371
9.6,9,55.192719
5.0,1,55.195033
9.85,4,55.204166
9.8,5,55.215377
9.35,6,55.228826
-2.0,1,55.231009
9.75,6,55.244614
9.7,7,55.260135
-2.0,1,55.262312
9.85,4,55.271061
9.85,4,55.280235
9.95,2,55.284581
9.8,5,55.295775
8.25,16,55.333122
-2.0,1,55.33549
9.95,2,55.340009
7.55,22,55.389662
8.95,10,55.410435
8.25,12,55.438582
5.0,1,55.44092
-2.25,6,55.456306
9.8,5,55.468191
9.9,3,55.476046
-2.0,1,55.478483
9.8,5,55.491053
8.0,1,55.493674
9.65,4,55.503755
8.0,1,55.506286
9.7,7,55.523653
6.0,1,55.526112
-2.0,1,55.528526
9.55,10,55.552367
9.55,10,55.57594
9.1,7,55.592272
9.5,7,55.608258
9.65,8,55.626049
9.45,8,55.644167
9.65,4,57.050872
-7.25,50,57.149624
8.65,12,57.175001
9.75,6,57.188343
9.85,4,57.197025
9.75,6,57.210101
7.95,2,57.214477
-2.0,1,57.216614
9.5,7,57.231787
5.95,2,57.23604
9.65,8,57.253332
9.9,3,57.25975
9.8,5,57.270708
9.15,10,57.291899
5.0,1,57.294083
9.25,12,57.319138
5.85,4,57.328293
9.8,5,57.33921
9.45,8,57.356411
-2.0,1,57.35862
9.75,6,57.371639
4.95,34,57.44746
9.15,10,57.469194
6.45,32,57.5409
9.2,13,57.568381
9.5,7,57.583279
9.95,2,57.587601
5.35,34,57.659678
9.35,10,57.681114
9.75,6,57.693823
9.4,9,57.713223
5.0,1,57.715315
5.0,1,57.717457
-2.0,1,57.719452
9.4,5,57.729258
9.55,6,57.742272
7.95,2,57.746451
8.9,11,57.769727
7.2,17,57.806257
9.9,3,57.812484
9.4,5,57.823186
9.75,6,57.835713
5.95,2,57.840196
9.95,2,57.844378
5.0,1,57.846468
-2.0,1,57.848651
-2.0,1,57.850838
9.6,5,57.861302
9.45,8,57.878165
9.2,9,57.897673
9.95,2,57.901948
9.65,8,57.918677
9.9,3,57.925249
9.0,13,57.952577
9.7,7,57.967343
6.0,1,57.96944
7.8,5,57.980153
9.9,3,57.98665
9.7,7,58.001551
9.85,4,58.010469
5.95,2,58.01461
9.7,3,58.020903
5.0,1,58.02311
9.05,12,58.051317
9.15,10,58.074598
9.85,4,58.083851
-2.1,3,58.09073
-2.0,1,58.093082
-2.0,1,58.095411
9.45,8,58.113804
-2.0,1,58.116115
9.8,5,58.127808
9.05,12,59.599241
7.95,2,59.603609
-2.1,3,59.61012
5.9,3,59.616585
9.3,7,59.632098
9.75,2,59.636353
7.9,19,59.677539
5.95,2,59.68176
9.9,3,59.688469
5.0,1,59.690649
9.5,7,59.706006
9.6,9,59.72544
9.95,2,59.729779
9.65,8,59.747076
9.85,4,59.755848
9.8,5,59.766955
9.6,9,59.785959
-2.05,2,59.790246
9.55,6,59.803098
9.45,8,59.820241
7.0,17,59.856786
9.55,6,59.869943
5.4,5,59.881078
9.9,3,59.8876
9.6,5,59.898366
9.8,5,59.909106
9.95,2,59.914101
9.7,7,59.930598
6.0,1,59.932935
8.55,14,59.965871
9.1,7,59.982243
7.9,3,59.989151
9.65,4,59.99844
9.85,4,60.007828
9.75,2,60.012699
9.0,13,60.043011
9.6,9,60.063927
9.8,5,60.075455
9.85,4,60.084811
9.25,8,60.103528
10.0,1,60.105952
-2.05,2,60.110649
10.0,1,60.112936
-2.0,1,60.115309
9.9,3,60.122401
9.05,8,60.140481
9.45,8,60.158478
-11.15,72,60.3447
11.65,8,60.36137
-10.55,72,60.501551
-4.7,19,60.53941
7.85,4,60.547554
-8.25,38,60.624396
-2.15,4,60.632141
