#{"t_start": 1785344707.913061, "env_id": "None"}
r,l,t
-2.0,1,2.110084
-2.0,1,2.113561
-2.0,1,2.11671
-2.0,1,2.11994
-2.0,1,2.123262
-2.0,1,2.12638
-2.0,1,2.129556
4.0,1,2.132761
4.0,1,2.136026
-2.0,1,2.139042
-2.0,1,2.141592
-2.0,1,2.14399
-2.0,1,2.146348
-2.0,1,2.148659
-2.0,1,2.151087
-2.0,1,2.15349
-2.0,1,2.155803
-2.0,1,2.158149
-2.0,1,2.1605
-2.0,1,2.162873
-2.0,1,2.165344
-2.0,1,2.167826
-2.0,1,2.1704
-2.0,1,2.172755
-2.0,1,2.175112
-2.0,1,2.177494
-2.0,1,2.17984
-2.0,1,2.182205
-2.0,1,2.184516
-2.0,1,2.18689
-2.0,1,2.189229
-2.0,1,2.191615
-2.0,1,2.194035
-2.0,1,2.196402
-2.0,1,2.198892
-2.0,1,2.201293
-2.0,1,2.203723
-2.0,1,2.206434
-2.0,1,2.208892
-2.0,1,2.2115
-2.0,1,2.214057
-2.0,1,2.216429
-2.0,1,2.218812
-2.0,1,2.221411
-2.0,1,2.223882
-2.0,1,2.226371
-2.0,1,2.228812
-2.0,1,2.231236
-2.0,1,2.233666
-2.0,1,2.236127
-2.0,1,2.238605
-2.0,1,2.241678
-2.0,1,2.244647
-2.0,1,2.247167
-2.0,1,2.249951
-2.0,1,2.252824
-2.0,1,2.255552
-2.0,1,2.258183
-2.0,1,2.261264
-2.0,1,2.263721
-2.0,1,2.266197
-2.0,1,2.268677
-2.0,1,2.271428
-2.0,1,2.274029
-2.0,1,2.276541
-2.0,1,2.278986
-2.0,1,2.281465
-2.0,1,2.284155
-2.0,1,2.286746
-2.0,1,2.289405
-2.0,1,2.292795
-2.0,1,2.296145
-2.0,1,2.298841
-2.0,1,2.302112
-2.0,1,2.305338
-2.0,1,2.308433
-2.0,1,2.311521
-2.0,1,2.314354
-2.0,1,2.317185
-2.0,1,2.3204
-2.0,1,2.323076
-2.0,1,2.325728
-2.0,1,2.328288
-2.0,1,2.330902
-2.0,1,2.333513
-2.0,1,2.33628
-2.0,1,2.339322
-2.0,1,2.342074
-2.0,1,2.344803
-2.0,1,2.347735
-2.0,1,2.350811
-2.0,1,2.353961
-2.0,1,2.356659
-2.0,1,2.359889
-2.0,1,2.36252
-2.0,1,2.365209
-2.0,1,2.36858
-2.0,1,2.372304
-2.0,1,2.375497
-2.0,1,2.378527
-2.0,1,2.381614
-2.0,1,2.384602
-2.0,1,2.387832
-2.0,1,2.39096
-2.0,1,2.394172
-2.0,1,2.397282
-2.0,1,2.400258
-2.0,1,2.403922
-2.0,1,2.407611
-2.0,1,2.411573
-2.0,1,2.414832
-2.0,1,2.417776
-2.0,1,2.421318
-2.0,1,2.424507
-2.0,1,2.427963
-2.0,1,2.430969
-2.0,1,2.433962
-2.0,1,2.436966
-2.0,1,2.439978
-2.0,1,2.443051
-2.0,1,2.446021
-2.0,1,2.448955
-2.0,1,2.451955
-2.0,1,2.455108
-2.0,1,2.458582
-2.0,1,2.461927
-2.0,1,2.46544
-2.0,1,2.468641
-2.0,1,2.472544
-2.0,1,2.476006
-2.0,1,2.478983
-2.0,1,2.482109
-2.0,1,2.485536
-2.0,1,2.489042
-2.0,1,2.492244
-2.0,1,2.495651
-2.0,1,2.498854
-2.0,1,2.50212
-2.0,1,2.505519
-2.0,1,2.508792
-2.0,1,2.512271
-2.0,1,2.515537
-2.0,1,2.519077
-2.0,1,2.522878
-2.0,1,2.526257
-2.0,1,2.529472
-2.0,1,2.532769
-2.0,1,2.536371
-2.0,1,2.539779
-2.0,1,2.54297
-2.0,1,2.546471
-2.0,1,2.549833
-2.0,1,2.553534
-2.0,1,2.557045
-2.0,1,2.560254
-2.0,1,2.563689
-2.0,1,2.566975
-2.0,1,2.57039
-2.0,1,2.574588
-2.0,1,2.581841
-2.0,1,2.586252
-2.0,1,2.598761
-2.0,1,2.603661
-2.0,1,2.607575
-2.0,1,2.610975
-2.0,1,2.614575
-2.0,1,2.617947
-2.0,1,2.621271
-2.0,1,2.624587
-2.0,1,2.627741
-2.0,1,2.631071
-2.0,1,2.634422
-2.0,1,2.638795
-2.0,1,2.642854
-2.0,1,2.646312
-2.0,1,2.649974
-2.0,1,2.654092
-2.0,1,2.658385
-2.0,1,2.674091
-2.0,1,2.678153
-2.0,1,2.68371
-2.0,1,2.688156
-2.0,1,2.693003
-2.0,1,2.697623
-2.0,1,2.702045
-2.0,1,2.706858
-2.0,1,2.710943
-2.0,1,2.714824
-2.0,1,2.718446
-2.0,1,2.722264
-2.0,1,2.725828
-2.0,1,2.729599
-2.0,1,2.733415
-2.0,1,2.737187
-2.0,1,2.740605
-2.0,1,2.744486
-2.0,1,2.748644
-2.0,1,2.752337
-2.0,1,2.755896
-2.0,1,2.759206
-2.0,1,2.76261
-2.0,1,2.76659
-2.0,1,2.770707
-2.0,1,2.774462
-2.0,1,2.778371
-2.0,1,2.781737
-2.0,1,2.785621
-2.0,1,2.789207
-2.0,1,2.792781
-2.0,1,2.796487
-2.0,1,2.800079
-2.0,1,2.803513
-2.0,1,2.806935
-2.0,1,2.810492
-2.0,1,2.813981
-2.0,1,2.817356
-2.0,1,2.820982
-2.0,1,2.824784
-2.05,2,2.831688
-2.0,1,2.835191
-2.0,1,2.838802
-2.0,1,2.842609
-2.0,1,2.846071
-2.0,1,2.849643
-2.0,1,2.853237
-2.0,1,2.856742
-2.0,1,2.860032
-2.0,1,2.863441
-2.0,1,2.866739
-2.0,1,2.87003
-2.0,1,2.873308
-2.0,1,2.876599
-2.0,1,2.879936
-2.0,1,2.883261
-2.0,1,2.886578
-2.0,1,2.889907
-2.0,1,2.893461
-2.0,1,2.896829
-2.0,1,2.900213
-2.0,1,2.903617
-2.0,1,2.906976
-2.0,1,2.910296
-2.0,1,2.91365
-2.0,1,2.916958
-2.0,1,2.92031
-2.0,1,2.923676
-2.0,1,2.927012
-2.0,1,2.930429
-2.0,1,2.933908
-2.0,1,2.937312
-2.0,1,2.940718
-2.0,1,2.944087
-2.0,1,2.947366
-2.0,1,2.950662
-2.0,1,2.954004
-2.0,1,2.957307
-2.0,1,2.960611
-2.0,1,2.963968
-2.0,1,2.967284
-2.0,1,2.970608
-2.0,1,2.974164
-2.0,1,2.977827
-2.0,1,2.98123
-2.0,1,2.984537
-2.0,1,2.987818
-2.0,1,2.991192
-2.0,1,2.994586
-2.0,1,2.99931
-2.0,1,3.003647
-2.0,1,3.007531
-2.0,1,3.011647
-2.0,1,3.015705
-2.0,1,3.019386
-2.0,1,3.023347
-2.0,1,3.026711
-2.0,1,3.030071
-2.0,1,3.033483
-2.0,1,3.036866
-2.0,1,3.041104
-2.0,1,3.046438
-2.0,1,3.050544
-2.0,1,3.054708
-2.0,1,3.060597
-2.0,1,3.065195
-2.0,1,3.069453
-2.0,1,3.073659
-2.0,1,3.078549
-2.0,1,3.083647
-2.0,1,3.089332
-2.0,1,3.093581
-2.0,1,3.09729
-2.0,1,3.101416
-2.0,1,3.106967
-2.0,1,3.111362
-2.0,1,3.11497
-2.0,1,3.119829
-2.0,1,3.124367
-2.0,1,3.128889
-2.0,1,3.134045
-2.0,1,3.138421
-2.0,1,3.143776
-2.0,1,3.148041
-2.0,1,3.152776
-2.0,1,3.156766
-2.0,1,3.160418
-2.0,1,3.164117
-2.0,1,3.167665
-2.0,1,3.17142
-2.0,1,3.175076
-2.0,1,3.178572
-2.0,1,3.182154
-2.0,1,3.185688
-2.0,1,3.189389
-2.0,1,3.192949
-2.0,1,3.196455
-2.0,1,3.19994
-2.0,1,3.203539
-2.0,1,3.207268
-2.0,1,3.210775
-2.0,1,3.214232
-2.0,1,3.217869
-2.0,1,3.221806
-2.0,1,3.225959
-2.0,1,3.22961
-2.0,1,3.23346
-2.0,1,3.238207
-2.0,1,3.242305
-2.0,1,3.245779
-2.0,1,3.249321
-2.0,1,3.253435
-2.0,1,3.258281
-2.0,1,3.262408
-2.0,1,3.265864
-2.0,1,3.269861
-2.0,1,3.273675
-2.0,1,3.277695
-2.0,1,3.281612
-2.0,1,3.285605
-2.0,1,3.289287
-2.0,1,3.29282
-2.0,1,3.29633
-2.0,1,3.299923
-2.0,1,3.303415
-2.0,1,3.306908
-2.0,1,3.310467
-2.0,1,3.313952
-2.0,1,3.317569
-2.0,1,3.321164
-2.0,1,3.324735
-2.0,1,3.328594
-2.0,1,3.332116
-2.0,1,3.335606
-2.0,1,3.339149
-2.0,1,3.342714
-2.0,1,3.346244
-2.0,1,3.349638
-2.0,1,3.353211
-2.0,1,3.356692
-2.0,1,3.360173
-2.0,1,3.363699
-2.0,1,3.367195
-2.0,1,3.37068
-2.0,1,3.374236
-2.0,1,3.377822
-2.0,1,3.381432
-2.0,1,3.384964
-2.0,1,3.388529
-2.0,1,3.392086
-2.0,1,3.395591
-2.0,1,3.399069
-2.0,1,3.402563
-2.0,1,3.406099
-2.0,1,3.409687
-2.0,1,3.413115
-2.0,1,3.416564
-2.0,1,3.420023
-2.0,1,3.423504
-2.0,1,3.427056
-2.0,1,3.430492
-2.0,1,3.433968
-2.0,1,3.437387
-2.0,1,3.440852
-2.0,1,3.444288
-2.0,1,3.448186
-2.0,1,3.451651
-2.0,1,3.455113
-2.0,1,3.458555
-2.0,1,3.461995
-2.0,1,3.465456
-2.0,1,3.468873
-2.0,1,3.472343
-2.0,1,3.475863
-2.0,1,3.479442
-2.0,1,3.482939
-2.0,1,3.486413
-2.0,1,3.48992
-2.0,1,3.493866
-2.0,1,3.497479
-2.0,1,3.500966
-2.0,1,3.504816
-2.0,1,3.508644
-2.0,1,3.51247
-2.0,1,3.515962
-2.0,1,3.519445
-2.0,1,3.522924
-2.0,1,3.526426
-2.0,1,3.529901
-2.0,1,3.533441
-2.0,1,3.536912
-2.0,1,3.540369
-2.0,1,3.543847
-2.0,1,3.547341
-2.0,1,3.550795
-2.0,1,3.554262
-2.0,1,3.557731
-2.0,1,3.561199
-2.0,1,3.56462
-2.0,1,3.568078
-2.0,1,3.571517
-2.0,1,3.575003
-2.0,1,3.57845
-2.0,1,3.58188
-2.0,1,3.585316
-2.0,1,3.588716
-2.0,1,3.592156
-2.0,1,3.595593
-2.0,1,3.599031
-2.0,1,3.602473
-2.0,1,3.605906
-2.0,1,3.609357
-2.0,1,3.61277
-2.0,1,3.616222
-2.0,1,3.619775
-2.0,1,3.623229
-2.0,1,3.626692
-2.0,1,3.630147
-2.0,1,3.633604
-2.0,1,3.637098
-2.0,1,3.640558
-2.0,1,3.64399
-2.0,1,3.647425
-2.0,1,3.650854
-2.0,1,3.654299
-2.0,1,3.657761
-2.0,1,3.661308
-2.0,1,3.664749
-2.0,1,3.668214
-2.0,1,3.671676
-2.0,1,3.675124
-2.0,1,3.678581
-2.0,1,3.68201
-2.0,1,3.685448
-2.0,1,3.688863
-2.0,1,3.692323
-2.0,1,3.695765
-2.0,1,3.699205
-2.0,1,3.702705
-2.0,1,3.706166
-2.0,1,3.709673
-2.0,1,3.713113
-2.0,1,3.716544
-2.0,1,3.720032
-2.0,1,3.723497
-2.0,1,3.726985
-2.0,1,3.730456
-2.0,1,3.733914
-2.0,1,3.737342
-2.0,1,3.740764
-2.0,1,3.744234
-2.0,1,3.747753
-2.0,1,3.751243
-2.0,1,3.754726
-2.0,1,3.758242
-2.0,1,3.761701
-2.0,1,3.765156
-2.0,1,3.768585
-2.0,1,3.772057
-2.0,1,3.77553
-2.0,1,3.778951
-2.0,1,3.782407
-2.0,1,3.785846
-2.0,1,3.789372
-2.0,1,3.792789
-2.0,1,3.796243
-2.0,1,3.799738
-2.0,1,3.803144
-2.0,1,3.806567
-2.0,1,3.810049
-2.0,1,3.813499
-2.0,1,3.81693
-2.0,1,3.820417
-2.0,1,3.823889
-2.0,1,3.827332
-2.0,1,3.830985
-2.0,1,3.834466
-2.0,1,3.837954
-2.0,1,3.841447
-2.0,1,3.844876
-2.0,1,3.848334
-2.0,1,3.851807
-2.0,1,3.85524
-2.0,1,3.858735
-2.0,1,3.86224
-2.0,1,3.865709
-2.0,1,3.86916
-2.0,1,3.872634
-2.0,1,3.876251
-2.0,1,3.879752
-2.0,1,3.883294
-2.0,1,3.886721
-2.0,1,3.890235
4.0,1,27.668128
4.0,1,27.675382
4.0,1,27.68131
-2.05,2,27.689167
4.0,1,27.692532
4.0,1,27.697306
3.75,2,27.707343
-2.0,1,27.71201
4.0,1,27.717415
3.75,2,27.726337
4.0,1,27.729897
-2.0,1,27.73372
-2.0,1,27.737581
3.75,2,27.74642
4.0,1,27.751471
3.75,2,27.75964
-2.05,2,27.769646
4.0,1,27.773424
-2.0,1,27.777303
4.0,1,27.781323
4.0,1,27.786002
3.75,2,27.794056
-2.0,1,27.798406
3.75,2,27.806371
-2.0,1,27.810699
-2.0,1,27.815211
3.75,2,27.823851
4.0,1,27.828803
-2.0,1,27.833105
4.0,1,27.836688
-2.0,1,27.840539
-2.05,2,27.850858
-2.0,1,27.85488
3.75,2,27.863357
-2.0,1,27.867746
4.0,1,27.871894
4.0,1,27.875901
3.75,2,27.88674
-2.0,1,27.890938
4.0,1,27.896374
-2.05,2,27.904405
3.75,2,27.911493
3.75,2,27.918516
-2.05,2,27.92577
-2.0,1,27.929384
-2.0,1,27.933012
-2.0,1,27.936596
3.75,2,27.943942
4.0,1,27.947644
4.0,1,27.951313
3.75,2,27.958588
3.75,2,27.966101
3.75,2,27.973121
3.75,2,27.981192
4.0,1,27.984818
4.0,1,27.988515
3.75,2,27.995205
4.0,1,27.998915
3.75,2,28.00565
4.0,1,28.009048
-2.0,1,28.012219
4.0,1,28.015969
-2.0,1,28.019255
4.0,1,28.022978
3.75,2,28.029912
-2.0,1,28.033311
3.75,2,28.039948
4.0,1,28.043626
3.75,2,28.051233
3.75,2,28.058276
-2.0,1,28.061506
3.75,2,28.069132
3.75,2,28.07589
-2.05,2,28.082659
-2.0,1,28.085973
-2.0,1,28.089308
3.75,2,28.096556
3.75,2,28.103807
-2.0,1,28.107302
4.0,1,28.112189
-2.0,1,28.116042
-2.05,2,28.123097
3.75,2,28.130285
3.75,2,28.137126
4.0,1,28.140484
4.0,1,28.144163
3.75,2,28.151214
-2.05,2,28.157983
-2.0,1,28.161391
3.75,2,28.168243
3.75,2,28.175277
4.0,1,28.178835
-2.0,1,28.182189
3.75,2,28.188924
4.0,1,28.192541
4.0,1,28.196265
-2.0,1,28.199558
4.0,1,28.203103
-2.0,1,28.206445
-2.05,2,28.213781
-2.0,1,28.217268
4.0,1,28.220721
4.0,1,28.224108
-2.0,1,28.227802
3.75,2,28.234328
3.75,2,28.241423
-2.0,1,28.244746
-2.05,2,28.251602
-2.0,1,28.254964
-2.0,1,28.258396
-2.0,1,28.261854
4.0,1,28.265286
4.0,1,28.268489
4.0,1,28.271683
4.0,1,28.274916
-2.0,1,28.278316
4.0,1,28.281754
-2.0,1,28.285486
4.0,1,28.288972
3.75,2,28.295976
-2.05,2,28.302732
4.0,1,28.306197
4.0,1,28.309574
3.75,2,28.316134
4.0,1,28.319515
3.75,2,28.326881
-2.0,1,28.330119
-2.0,1,28.333411
4.0,1,28.336579
-2.0,1,28.339882
4.0,1,28.343724
-2.0,1,28.346917
-2.0,1,28.350015
4.0,1,28.353179
-2.0,1,28.356233
-2.0,1,28.359305
3.75,2,28.366183
4.0,1,28.369255
-2.0,1,28.372303
4.0,1,28.375346
-2.0,1,28.378616
3.75,2,28.384706
4.0,1,28.387969
3.75,2,28.394256
-2.0,1,28.397447
4.0,1,28.400655
-2.0,1,28.403667
-2.0,1,28.406815
-2.0,1,28.409801
4.0,1,28.413075
-2.0,1,28.416045
3.75,2,28.424017
4.0,1,28.42748
3.75,2,28.433816
-2.0,1,28.436945
3.75,2,28.443116
-2.0,1,28.446276
4.0,1,28.449529
-2.05,2,28.455445
4.0,1,28.458221
-2.0,1,28.461093
-2.05,2,28.466979
3.75,2,28.475403
3.75,2,28.482949
4.0,1,28.487135
4.0,1,28.490346
4.0,1,28.493714
-2.05,2,28.499624
-2.0,1,28.502603
4.0,1,28.50553
4.0,1,28.508601
-2.0,1,28.511452
3.75,2,28.518053
-2.0,1,28.521339
-2.05,2,28.527177
3.75,2,28.533476
4.0,1,28.537243
-2.05,2,28.5437
3.75,2,28.549931
4.0,1,28.552862
4.0,1,28.556128
3.75,2,28.562086
4.0,1,28.565075
-2.0,1,28.567987
4.0,1,28.570794
4.0,1,28.573644
4.0,1,28.576455
3.75,2,28.582647
3.75,2,28.588434
4.0,1,28.591349
4.0,1,28.594266
3.75,2,28.60083
-2.05,2,28.606998
3.75,2,28.612949
3.75,2,28.618843
4.0,1,28.62196
-2.0,1,28.624757
3.75,2,28.630651
3.75,2,28.636703
-2.0,1,28.639663
-2.05,2,28.645502
4.0,1,28.648557
3.75,2,28.654184
-2.0,1,28.657315
4.0,1,28.660331
-2.05,2,28.666627
-2.0,1,28.66986
-2.0,1,28.672943
3.75,2,28.679086
3.75,2,28.685567
4.0,1,28.688448
4.0,1,28.691399
3.75,2,28.697383
4.0,1,28.700372
3.75,2,28.706421
4.0,1,28.709271
-2.0,1,28.712486
4.0,1,28.715685
3.75,2,28.721707
3.75,2,28.727489
4.0,1,28.730503
4.0,1,28.733526
3.75,2,28.73926
-2.0,1,28.742116
3.75,2,28.748415
3.75,2,28.754385
3.75,2,28.760317
3.75,2,28.766189
-2.0,1,28.769064
-2.0,1,28.772007
-2.0,1,28.7749
4.0,1,28.777843
-2.05,2,28.78347
-2.05,2,28.789282
-2.0,1,28.792387
4.0,1,28.79533
4.0,1,28.798395
-2.0,1,28.801198
-2.0,1,28.80388
4.0,1,28.806756
3.75,2,28.812508
-2.0,1,28.815507
-2.0,1,28.818482
3.75,2,28.824245
3.75,2,28.830266
-2.05,2,28.836343
3.75,2,28.84226
3.75,2,28.848329
-2.05,2,28.854291
4.0,1,28.857049
3.75,2,28.862829
3.75,2,28.868674
4.0,1,28.87147
4.0,1,28.874436
4.0,1,28.877604
3.75,2,28.883451
4.0,1,28.886329
-2.0,1,28.88923
4.0,1,28.892019
4.0,1,28.894905
4.0,1,28.898192
-2.0,1,28.901006
3.75,2,28.906646
-2.05,2,28.91217
-2.05,2,28.918835
4.0,1,28.921745
-2.0,1,28.924591
-2.0,1,28.927531
4.0,1,28.930508
4.0,1,28.933538
-2.0,1,28.936416
4.0,1,28.939322
-2.0,1,28.942256
-2.05,2,28.948154
4.0,1,28.951291
-2.0,1,28.954161
3.75,2,28.959879
-2.05,2,28.965792
-2.05,2,28.971485
3.75,2,28.977479
4.0,1,28.980447
-2.0,1,28.983288
-2.0,1,28.986195
3.75,2,28.991898
-2.0,1,28.994672
4.0,1,28.997856
4.0,1,29.000826
4.0,1,29.003737
3.75,2,29.009571
-2.0,1,29.012375
-2.0,1,29.015414
3.75,2,29.021174
4.0,1,29.02409
4.0,1,29.026988
3.75,2,29.032936
-2.0,1,29.035665
3.75,2,29.041677
-2.0,1,29.044429
3.75,2,29.050763
4.0,1,29.053611
4.0,1,29.056461
3.75,2,29.062201
4.0,1,29.065166
3.75,2,29.071026
-2.05,2,29.076804
-2.05,2,29.082793
4.0,1,29.085919
-2.0,1,29.088851
4.0,1,29.092031
4.0,1,29.094823
4.0,1,29.097782
-2.0,1,29.100705
-2.0,1,29.1036
3.75,2,29.109447
4.0,1,29.112172
4.0,1,29.11552
3.75,2,29.121539
-2.0,1,29.124385
3.75,2,29.130312
-2.05,2,29.136287
4.0,1,29.139465
3.75,2,29.145623
4.0,1,29.148385
-2.0,1,29.151418
4.0,1,29.15454
4.0,1,29.157401
-2.0,1,29.160294
-2.0,1,29.1631
4.0,1,29.166454
3.75,2,29.172361
3.75,2,29.178751
3.75,2,29.184453
-2.0,1,29.187274
3.75,2,29.192799
3.75,2,29.198838
3.75,2,29.204971
4.0,1,29.208032
3.75,2,29.214359
3.75,2,29.220487
-2.0,1,29.223446
4.0,1,29.226414
3.75,2,29.232574
3.75,2,29.238776
4.0,1,29.241928
3.75,2,29.248087
3.75,2,29.254436
3.75,2,29.260516
4.0,1,29.263462
3.75,2,29.269821
-2.05,2,29.275982
4.0,1,29.279159
4.0,1,29.282263
4.0,1,29.285238
4.0,1,29.288299
3.75,2,29.294759
-2.05,2,29.300711
-2.0,1,29.304086
-2.0,1,29.307183
4.0,1,29.310339
4.0,1,29.313344
-2.0,1,29.31654
-2.05,2,29.322793
4.0,1,29.326113
-2.0,1,29.329283
-2.0,1,29.33253
3.75,2,29.338771
3.75,2,29.345042
-2.0,1,29.348378
-2.0,1,29.351675
4.0,1,29.354674
3.75,2,52.234011
4.0,1,52.237137
4.0,1,52.240229
3.75,2,52.24662
4.0,1,52.249551
-2.05,2,52.257269
6.0,1,52.260213
3.75,2,52.26607
6.0,1,52.269006
-5.25,18,52.320421
-5.05,14,52.360142
-2.3,3,52.368697
6.0,1,52.371617
-5.25,18,52.422514
-5.25,18,52.474609
5.75,2,52.480486
-2.8,5,52.494997
-5.25,18,52.547227
-2.05,2,52.553099
-3.3,7,52.573423
-5.25,18,52.627136
-5.25,18,52.679431
-2.3,3,52.688109
6.0,1,52.691046
-5.25,18,52.745045
5.75,2,52.750965
4.0,1,52.754062
-5.8,17,52.805501
-5.3,15,52.850344
5.75,2,52.85623
3.75,2,52.862298
-3.8,9,52.888937
-2.3,3,52.897924
-5.25,18,52.951761
3.75,2,52.957926
3.75,2,52.963942
-5.25,18,53.018167
6.0,1,53.021149
-5.25,18,53.076153
4.0,1,53.079234
-5.25,18,53.132865
-2.0,1,53.135793
-5.25,18,53.188689
4.0,1,53.191637
3.75,2,53.197668
4.0,1,53.200546
4.0,1,53.203611
3.75,2,53.209795
-2.8,5,53.225049
-5.25,18,53.278877
3.75,2,53.284817
3.75,2,53.290793
6.0,1,53.293837
-2.05,2,53.299751
3.75,2,53.30595
-5.25,18,53.361311
4.0,1,53.364335
6.0,1,53.367654
-5.25,18,53.422737
-2.05,2,53.428941
-3.05,6,53.446298
-2.05,2,53.452038
3.75,2,53.457835
3.75,2,53.463529
4.0,1,53.466433
6.0,1,53.469177
6.0,1,53.472067
6.0,1,53.474998
4.0,1,53.477888
3.75,2,53.483856
-5.25,18,53.535678
-4.05,10,53.564835
-4.3,11,53.597004
-5.25,18,53.649114
5.75,2,53.655158
5.75,2,53.661006
-2.0,1,53.663949
4.0,1,53.667079
-2.0,1,53.670007
5.75,2,53.675834
6.0,1,53.678767
-5.25,18,53.731638
3.75,2,53.737448
5.75,2,53.743327
3.75,2,76.888074
-2.0,1,76.890634
4.95,6,76.906414
-2.3,3,76.914321
-2.3,3,76.922618
3.2,17,76.967069
-2.0,1,76.969611
5.45,4,76.980176
6.0,1,76.982731
5.7,3,76.990555
6.0,1,76.993258
-3.1,7,77.012076
5.95,2,77.017572
5.45,4,77.028406
4.0,1,77.031271
6.0,1,77.033968
4.0,1,77.036678
3.75,2,77.041994
5.9,3,77.050048
4.0,1,77.052751
3.75,2,77.058168
6.0,1,77.060857
5.75,2,77.066089
6.0,1,77.068752
5.9,3,77.076734
5.4,5,77.090114
6.0,1,77.092748
5.95,2,77.097919
6.0,1,77.100556
-4.25,18,77.156422
5.7,3,77.166317
4.0,1,77.169486
-2.0,1,77.172791
3.75,2,77.179965
5.95,2,77.186395
5.75,2,77.192756
6.0,1,77.195871
-2.0,1,77.199083
6.0,1,77.202446
6.0,1,77.205707
-2.0,1,77.208952
5.75,2,77.21536
5.9,3,77.225446
6.0,1,77.228576
6.0,1,77.231718
5.15,6,77.250882
4.3,11,77.287123
5.35,6,77.306647
6.0,1,77.309887
6.0,1,77.313297
5.75,2,77.319929
5.85,4,77.332896
5.9,3,77.342854
3.75,2,77.349488
4.0,1,77.352616
5.95,2,77.35944
5.95,2,77.365955
4.0,1,77.369226
-2.0,1,77.372348
-2.0,1,77.375623
5.65,4,77.388846
-2.0,1,77.39224
6.0,1,77.395576
4.0,1,77.39913
5.7,3,77.409105
5.15,6,77.428596
-2.0,1,77.431978
6.0,1,77.434934
5.45,4,77.446889
3.75,2,77.453088
3.3,15,77.498847
4.0,1,77.50177
4.0,1,77.504714
3.75,2,77.510818
-3.65,10,77.540272
5.9,3,77.548842
6.0,1,77.551772
6.0,1,77.554685
5.95,2,77.560822
4.0,1,77.563765
-2.0,1,77.566665
4.0,1,77.569671
3.6,13,77.608689
6.0,1,77.611901
-2.0,1,77.614941
-2.0,1,77.617981
5.95,2,77.62402
5.95,2,77.630047
5.35,6,77.648472
5.4,5,77.664025
-2.0,1,77.666928
4.15,10,77.696382
4.0,1,77.699302
5.6,5,77.71388
5.9,3,77.72264
4.0,1,77.725591
-2.0,1,77.72864
-2.0,1,77.731817
4.0,1,77.734746
6.0,1,77.737771
5.75,2,77.743619
3.75,2,77.749525
4.0,1,77.752511
-2.0,1,77.755392
-2.05,2,77.761331
-2.0,1,77.764372
5.65,4,77.776865
3.75,2,77.782989
6.0,1,77.786045
5.95,2,77.792228
5.9,3,77.801096
4.0,1,77.804088
5.95,2,77.810023
3.35,14,77.852031
-2.0,1,77.854983
3.75,2,77.861121
4.1,15,77.907457
3.75,2,77.91385
5.95,2,77.919981
6.0,1,77.923182
4.9,7,77.94457
6.0,1,77.947556
6.0,1,77.950531
-2.0,1,77.953519
5.9,3,77.962641
4.8,9,77.990391
5.45,4,78.002534
5.9,3,78.011265
4.0,1,78.014119
4.0,1,78.016973
3.75,2,78.022538
-2.0,1,78.025295
5.9,3,78.034189
4.0,1,78.037326
4.0,1,78.040241
-2.05,2,78.046112
-4.65,18,78.100441
4.45,8,78.124468
4.0,1,78.127367
4.65,8,78.150984
5.75,2,78.157169
-2.0,1,78.160143
4.4,9,78.187649
5.65,4,78.199765
5.75,2,78.205774
5.9,3,78.214874
6.0,1,78.217801
5.75,2,78.223876
-4.05,18,78.277848
3.75,2,78.284175
4.0,1,78.287327
5.95,2,78.29315
-2.05,2,78.298942
-2.55,4,78.310807
-2.0,1,78.313878
6.0,1,78.317005
6.0,1,78.319982
4.2,9,78.346847
4.0,1,78.3499
5.05,8,78.374371
4.0,1,78.377443
4.0,1,78.380532
5.65,4,78.393101
6.0,1,78.396086
6.0,1,78.399089
4.0,1,78.402088
-2.05,2,78.4079
5.75,2,78.414304
5.9,3,103.846043
-2.0,1,103.85
6.0,1,103.853534
-2.0,1,103.857055
5.9,3,103.867818
5.95,2,103.874832
-2.0,1,103.878391
5.75,2,103.885458
5.95,2,103.89251
3.7,11,103.932317
5.95,2,103.939427
3.65,16,103.996603
6.0,1,104.000012
5.75,2,104.006928
-2.0,1,104.010377
5.4,5,104.028151
5.45,4,104.042463
5.95,2,104.049086
5.75,2,104.055892
5.9,3,104.066003
5.45,4,104.079277
5.95,2,104.085838
5.95,2,104.092395
-2.0,1,104.095796
5.85,4,104.109345
-2.0,1,104.112541
-2.05,2,104.119092
4.0,1,104.122339
6.0,1,104.12561
5.7,3,104.135731
5.95,2,104.142405
5.4,5,104.158815
5.45,4,104.172207
-2.0,1,104.175506
5.95,2,104.182445
3.75,2,104.189045
4.0,1,104.192271
6.0,1,104.195533
6.0,1,104.19892
5.45,4,104.212291
3.75,2,104.22064
-2.55,4,104.234042
-7.65,30,104.330847
8.0,1,104.334009
-7.95,32,104.431572
-6.75,32,104.515883
-5.75,32,104.604524
-7.55,32,104.700021
7.9,3,104.708891
-3.4,13,104.748588
7.95,2,104.754566
6.95,6,104.773256
8.0,1,104.776367
-7.55,32,104.876015
-2.0,1,104.879088
4.0,1,104.882282
3.6,13,104.922635
-3.3,11,104.957121
6.05,12,104.994495
3.75,2,105.000706
6.0,1,105.003826
5.95,2,105.010047
7.05,8,105.034772
-4.2,13,105.075202
-4.55,16,105.125618
-2.9,7,105.148634
-6.95,32,105.257281
-2.05,2,105.263267
-8.35,32,105.361082
0.85,32,129.322829
3.75,2,129.330235
7.95,2,129.33868
-2.0,1,129.342648
7.75,2,129.349165
7.9,3,129.360444
7.8,5,129.376075
7.85,4,129.389715
-2.1,3,129.398974
7.9,3,129.408979
-5.15,32,129.513562
6.0,1,129.517143
7.6,5,129.533149
5.95,2,129.540004
7.5,7,129.562604
-5.35,32,129.662624
-2.1,3,129.671793
-3.7,11,129.705422
-4.85,14,129.750325
5.25,20,129.829211
7.05,8,129.890007
-2.0,1,129.896247
6.55,10,129.972018
6.9,11,130.044276
7.8,5,130.066559
-2.55,4,130.082688
8.0,1,130.087959
4.05,28,130.204773
7.8,5,130.223717
7.75,2,130.232332
7.8,5,130.255996
7.75,2,130.2643
-4.05,18,130.342536
-2.0,1,130.346669
-2.0,1,130.350938
5.55,22,130.451574
6.9,11,130.499444
7.35,6,130.527526
7.6,5,130.550228
7.65,4,130.567598
-2.0,1,130.5721
-2.0,1,130.57588
5.95,14,130.641483
7.95,2,130.649649
-2.2,5,130.672357
7.9,3,130.687215
6.0,1,130.691781
-2.05,2,130.701888
7.85,4,130.721109
7.35,6,130.747635
7.75,6,130.785939
6.55,10,130.840879
7.85,4,130.860499
7.75,2,130.873034
7.95,2,130.88164
6.45,8,130.92333
4.0,1,130.928197
-2.0,1,130.933603
7.85,4,130.953578
7.7,7,130.987435
-2.05,2,130.99629
7.95,2,131.007372
7.2,9,131.053293
8.0,1,131.058955
7.6,5,131.083753
3.6,29,131.224844
7.9,3,131.24134
6.7,11,131.290261
-2.05,2,131.299395
7.65,4,131.318079
-2.0,1,131.323458
-2.0,1,131.328114
4.0,1,131.33316
-2.3,7,131.363829
7.65,4,131.383508
5.95,2,131.394683
6.9,7,131.428071
6.7,11,131.483067
7.4,9,131.521163
3.75,2,131.529497
7.95,2,131.543569
4.0,1,131.549125
-3.25,10,155.717253
7.4,9,155.743256
7.3,7,155.763014
7.95,2,155.76879
7.95,2,155.774567
7.75,6,155.791843
7.8,5,155.806042
7.7,3,155.814303
7.05,8,155.83633
6.0,1,155.839467
7.9,3,155.847875
7.95,2,155.8536
7.15,10,155.881497
-2.0,1,155.88429
4.0,1,155.88729
7.95,2,155.892895
-2.05,2,155.898851
5.9,3,155.907449
-4.05,14,155.946762
3.75,2,155.952553
7.55,6,155.969341
7.95,2,155.974943
7.55,6,155.991703
7.9,3,156.000257
-2.0,1,156.002941
4.0,1,156.005982
7.8,5,156.01989
7.9,3,156.028653
8.0,1,156.031439
6.0,1,156.034367
6.0,1,156.037251
5.95,2,156.042875
7.55,6,156.059829
4.0,1,156.062725
7.45,8,156.085416
7.55,6,156.10233
6.0,1,156.105167
7.45,4,156.116745
-8.45,50,156.273521
-8.65,50,156.408692
-4.75,20,156.468152
7.3,7,156.489278
-8.85,50,156.634622
-9.25,50,156.782229
6.0,1,156.785027
5.95,2,156.790739
10.0,1,156.793777
-2.0,1,156.796634
-6.2,33,156.888723
-7.2,33,156.982528
4.0,1,156.985556
-4.4,13,157.023443
6.4,21,157.083813
9.95,2,157.090005
4.05,44,185.1817
7.65,4,185.201951
5.55,34,185.346443
8.3,15,185.396108
6.95,18,185.45529
6.15,30,185.571294
-2.0,1,185.57543
-2.0,1,185.579799
9.75,6,185.60457
9.2,9,185.639354
8.95,10,185.675194
7.65,4,185.690296
9.7,7,185.714916
4.0,1,185.719289
10.0,1,185.736564
6.05,32,185.8675
7.8,21,185.952795
-2.25,6,185.978946
-2.05,2,185.987782
-2.1,3,186.001943
6.25,32,186.179203
8.85,8,186.225417
9.8,5,186.252967
9.75,6,186.282173
9.05,12,186.33649
6.35,22,186.419466
9.25,8,186.44998
8.85,8,186.480639
-2.05,2,186.488531
8.65,16,186.589679
-2.05,2,186.599711
9.9,3,186.614192
8.25,16,186.677635
9.05,8,186.712031
-4.7,23,186.800379
7.5,7,186.828288
9.25,8,186.864404
4.25,48,187.067203
8.05,16,187.145267
9.9,3,187.159502
8.8,13,187.214176
7.35,6,187.240905
-2.05,2,187.253191
8.2,13,187.319627
-2.6,5,217.776797
8.7,11,217.840452
9.15,10,217.898231
-2.0,1,217.90306
9.05,12,217.983499
8.7,15,218.066973
8.4,21,218.18985
-2.1,3,218.207324
9.8,5,218.237999
8.95,14,218.317174
6.0,1,218.32375
9.25,12,218.387097
8.0,1,218.392722
-2.0,1,218.397309
9.85,4,218.41681
6.75,22,218.523945
8.9,7,218.560305
9.7,7,218.597455
9.35,6,218.624494
9.6,5,218.646894
8.05,16,218.719164
5.25,44,218.949477
9.55,6,218.98445
-2.0,1,218.990712
9.8,5,219.023326
5.95,2,219.036367
9.75,6,219.080562
-2.65,10,219.144377
9.8,5,219.168596
7.6,21,219.29337
8.55,18,219.376063
7.65,16,219.446309
9.55,6,219.470605
9.7,7,219.49754
9.45,8,219.533409
7.75,2,219.545237
8.8,13,219.625939
-2.05,2,219.638548
-2.15,4,219.661098
9.95,2,219.672412
7.85,20,219.771022
8.7,15,219.845846
8.8,13,219.898419
8.85,12,219.954468
8.45,12,220.006546
8.6,13,220.061573
9.85,4,220.078171
9.05,12,220.126978
9.75,6,220.151422
-2.0,1,220.156112
8.65,12,220.213148
8.15,18,220.29027
8.0,17,220.359572
6.0,1,220.363729
9.25,8,245.377151
4.0,1,245.380745
4.0,1,245.38426
4.0,1,245.387727
4.0,1,245.39124
9.8,5,245.408654
9.75,6,245.429789
9.95,2,245.436374
9.35,10,245.468911
9.1,11,245.505797
9.65,8,245.532679
9.7,7,245.555249
9.75,2,245.561599
8.6,13,245.603532
8.95,10,245.636792
9.75,6,245.659669
9.85,4,245.675406
9.7,7,245.699524
9.95,2,245.70656
9.25,12,245.746083
7.85,4,245.759142
7.8,5,245.775344
8.05,20,245.839924
-2.0,1,245.843064
9.7,7,245.865899
-2.4,5,245.882112
9.95,2,245.888745
-8.6,49,246.045662
10.0,1,246.048925
-2.05,2,246.055507
9.75,6,246.074307
-2.2,5,246.089776
5.9,3,246.099761
8.9,11,246.134163
8.4,17,246.187922
5.95,2,246.194064
7.9,3,246.203833
9.75,6,246.226498
9.7,7,246.250482
8.85,8,246.284856
4.0,1,246.288264
-2.15,4,246.301963
7.55,6,246.324018
9.75,2,246.332077
-2.0,1,246.335575
5.95,2,246.343161
-2.7,11,246.385243
7.8,5,246.405363
9.15,10,246.44532
9.5,11,246.48799
9.65,8,246.520421
5.4,33,246.657239
9.7,7,246.686954
9.75,6,246.71039
9.15,10,246.751534
9.65,4,246.767171
9.8,5,246.787643
8.55,14,246.842145
9.35,6,246.865623
9.45,8,246.897884
9.8,5,246.919037
9.7,7,246.947862
8.2,13,246.99541
9.45,8,247.025626
-5.35,28,247.121711
9.9,3,247.132196
5.9,3,247.141797
9.65,4,247.154767
9.1,11,273.149621
8.7,11,273.182788
9.7,7,273.20725
9.85,4,273.220419
6.85,24,273.298911
9.85,4,273.310139
-2.0,1,273.31293
8.9,15,273.355544
9.9,3,273.364136
9.65,8,273.386891
10.0,1,273.389791
-2.15,4,273.401331
9.9,3,273.410275
9.9,3,273.418847
8.15,14,273.458587
7.95,2,273.46407
9.75,6,273.480094
9.9,3,273.488493
8.4,13,273.533877
9.35,6,273.552247
7.8,5,273.567398
7.75,2,273.573357
9.35,10,273.603779
7.2,21,273.669296
7.95,2,273.675656
9.85,4,273.688538
8.5,11,273.72311
9.55,6,273.741267
9.9,3,273.750813
9.8,5,273.766509
-2.0,1,273.769537
9.1,11,273.806244
7.8,5,273.828495
7.8,5,273.847615
4.0,1,273.850775
9.7,7,273.872295
7.55,22,273.942965
9.9,3,273.952923
9.75,6,273.972822
-2.0,1,273.976026
9.55,10,274.008848
9.25,12,274.05407
7.8,5,274.075461
8.85,12,274.123321
10.0,1,274.12635
-2.1,3,274.135621
9.85,4,274.148229
7.85,4,274.160511
4.0,1,274.163802
-2.1,3,274.173358
7.3,19,274.233275
7.85,4,274.250109
-4.1,19,274.312603
9.25,8,274.338691
9.8,5,274.355146
8.95,10,274.387594
9.7,7,274.410686
9.85,4,274.42445
8.9,11,274.460705
9.85,4,274.474083
9.9,3,274.484365
6.0,1,274.487647
9.65,4,274.500433
8.25,16,274.553078
9.4,9,274.582532
4.0,1,274.585794
9.7,7,274.609281
8.8,13,274.652411
9.55,10,274.685464
5.95,2,274.691862
-2.0,1,274.695106
9.9,3,274.704774
-2.2,5,274.720711
9.0,13,274.762227
8.0,1,274.765838
8.75,10,274.800149
9.15,10,300.989052
9.45,8,301.020004
7.8,17,301.08571
8.85,12,301.12849
4.0,1,301.132068
9.7,7,301.157907
8.55,14,301.208503
9.85,4,301.223513
4.0,1,301.22741
5.95,2,301.234884
9.4,9,301.266839
9.95,2,301.274119
9.15,10,301.31087
4.0,1,301.314671
9.95,2,301.322045
9.65,8,301.350624
9.7,7,301.374344
6.0,1,301.377854
9.6,9,301.40888
9.85,4,301.422676
9.95,2,301.429185
9.8,5,301.44638
9.6,5,301.463248
9.7,7,301.486923
4.0,1,301.490376
9.95,2,301.497256
9.6,5,301.514566
9.1,11,301.551809
5.75,2,301.558352
-2.0,1,301.561541
6.0,1,301.565005
9.85,4,301.57801
9.9,3,301.587971
4.0,1,301.591342
4.0,1,301.594657
9.8,5,301.617158
7.85,4,301.636418
8.75,14,301.690488
-2.0,1,301.693948
9.85,4,301.707763
9.85,4,301.721179
7.95,14,301.769672
-2.0,1,301.773031
9.5,7,301.807674
7.9,3,301.822929
-2.0,1,301.827569
-2.15,4,301.844306
5.95,2,301.856219
4.0,1,301.860505
7.75,6,301.891117
9.75,6,301.922882
9.25,8,301.959576
9.9,3,301.972863
7.95,2,301.982511
6.0,1,301.987594
9.85,4,302.005617
5.95,2,302.014426
9.05,12,302.066251
9.4,9,302.10516
4.0,1,302.109478
9.45,8,302.143409
9.85,4,302.161058
4.0,1,302.165121
5.95,2,302.173345
9.95,2,302.180627
8.8,13,302.236717
9.75,6,302.259981
-2.05,2,302.267665
9.75,6,302.291238
8.0,1,302.294935
4.0,1,302.29941
9.85,4,302.315897
9.85,4,302.333681
9.55,6,302.357647
4.0,1,302.361467
9.8,5,302.381737
9.75,6,302.404517
8.0,1,302.407963
8.85,12,302.45173
9.4,9,302.488027
7.8,5,302.5113
9.75,6,302.542605
9.95,2,302.552036
4.0,1,302.558075
9.75,6,302.589718
9.75,6,302.618587
-2.0,1,302.622839
7.8,5,302.653863
9.7,7,302.690285
9.9,3,302.706223
-2.15,4,302.732319
9.95,2,302.743767
9.8,5,302.767887
9.45,8,302.809173
-2.0,1,302.813968
9.1,11,302.86941
10.0,1,302.87445
-2.05,2,302.883959
6.0,1,302.888921
9.8,5,302.915986
7.4,21,303.02643
-2.0,1,303.031364
9.8,5,303.05835
9.85,4,303.078923
9.55,6,303.107567
9.7,7,329.729264
9.8,5,329.751966
9.7,7,329.78814
-2.0,1,329.793112
9.85,4,329.814007
4.0,1,329.819325
9.3,7,329.853081
9.8,5,329.87553
9.75,6,329.906083
9.7,7,329.933065
9.7,7,329.960463
4.0,1,329.963821
9.8,5,329.9798
4.0,1,329.982921
-2.0,1,329.986165
6.0,1,329.989352
9.8,5,330.009988
9.45,4,330.028217
-2.0,1,330.033023
9.5,7,330.06395
9.7,7,330.094833
9.0,9,330.122146
9.75,6,330.140338
-2.15,4,330.152622
9.8,5,330.168055
8.0,1,330.171172
9.35,10,330.202469
9.7,7,330.225563
9.9,3,330.236359
8.95,10,330.271538
4.0,1,330.275081
9.6,9,330.312748
9.95,2,330.320848
-2.0,1,330.324678
-2.0,1,330.328301
9.3,7,330.353345
7.95,2,330.360586
9.75,6,330.382934
9.5,7,330.408647
9.8,5,330.426212
9.75,6,330.447851
6.0,1,330.451412
9.7,7,330.47647
9.95,2,330.483673
-2.0,1,330.487133
9.85,4,330.500739
9.45,8,330.526638
9.3,11,330.562427
7.7,7,330.585327
-2.0,1,330.58855
8.6,17,330.644939
-2.1,3,330.654745
9.3,11,330.691165
6.0,1,330.694632
9.75,6,330.716027
8.9,11,330.756782
9.75,6,330.778393
8.0,1,330.781994
-2.0,1,330.785537
-2.0,1,330.789314
9.65,8,330.819584
-6.35,32,330.94404
6.0,1,330.947646
11.5,11,330.985857
9.85,4,330.999608
-9.2,45,331.159343
-11.95,72,331.427624
3.2,61,357.250978
9.7,7,357.272643
7.9,3,357.281902
11.1,11,357.317207
4.0,1,357.320471
10.2,13,357.36706
6.55,42,357.498606
8.1,31,357.603246
10.65,16,357.655432
10.4,13,357.700211
11.15,14,357.747205
7.95,2,357.754503
9.25,24,357.868842
11.9,3,357.881367
8.0,1,357.886606
-4.45,22,357.981924
-2.0,1,357.98645
10.1,27,358.104261
11.65,8,358.141026
-2.6,9,358.174919
11.8,5,358.195157
11.75,6,358.217056
11.85,4,358.232356
4.0,1,358.236298
6.0,1,358.239931
11.2,9,358.290431
10.65,16,358.37685
11.35,14,358.436277
11.65,8,358.470096
10.3,15,358.525858
10.5,19,358.594538
10.4,17,358.650786
7.55,6,358.670811
11.7,7,358.694241
11.75,6,358.714569
10.95,14,358.761444
-2.0,1,358.764656
11.95,2,358.771265
5.9,3,358.781348
11.05,12,358.819431
10.0,17,358.87416
5.9,3,358.884063
11.65,8,358.91182
11.6,9,358.941964
-2.0,1,358.945272
4.0,1,358.948711
4.8,53,385.29021
10.4,17,385.345738
10.6,13,385.387583
11.7,7,385.411425
-2.0,1,385.414985
10.3,19,385.524464
7.6,37,385.706381
11.75,6,385.737523
4.0,1,385.743543
11.45,12,385.802871
8.05,32,385.935982
11.45,8,385.967804
10.05,16,386.029853
11.15,10,386.066769
11.5,7,386.100426
11.15,14,386.151841
11.35,10,386.189916
11.8,5,386.209225
11.7,7,386.234828
11.6,5,386.25202
10.7,15,386.305999
10.9,15,386.366085
10.8,17,386.449017
10.5,15,386.503493
9.9,3,386.514355
11.4,9,386.549262
-2.0,1,386.553309
-2.1,3,386.563908
10.3,19,386.651107
11.8,5,386.673671
10.4,13,386.725886
-4.1,23,386.818935
11.85,4,386.834892
11.55,6,386.859325
11.65,8,386.904104
9.1,19,386.989635
-2.65,10,387.033366
11.7,7,387.073273
6.0,1,387.077251
11.65,8,387.111151
-2.35,8,387.152943
10.35,18,387.224334
10.0,25,387.314793
11.1,7,387.342036
11.0,17,413.658165
11.2,9,413.69147
11.4,13,413.740636
11.3,11,413.779107
10.4,17,413.837672
11.65,8,413.865194
9.85,4,413.878966
6.0,1,413.882378
10.95,14,413.930471
4.0,1,413.933918
10.9,15,413.985419
11.05,16,414.04172
11.55,10,414.076633
9.7,19,414.14436
-2.8,9,414.181279
8.15,38,414.33557
11.7,7,414.372679
8.25,36,414.527211
11.95,2,414.534873
4.0,1,414.5393
11.7,7,414.569013
11.7,7,414.596508
11.5,7,414.625299
9.65,8,414.65951
11.5,11,414.710294
-2.0,1,414.714783
10.95,10,414.758314
-2.1,3,414.771904
11.4,9,414.815667
11.8,5,414.841357
-17.25,98,415.37554
12.7,15,415.454605
1.2,93,442.206656
5.9,3,442.218574
13.25,16,442.295645
13.15,14,442.357016
-2.1,3,442.367689
8.0,1,442.371296
13.65,8,442.399622
12.65,16,442.459573
-2.6,13,442.509974
2.25,92,442.863491
7.85,44,443.022904
4.0,1,443.026381
13.15,10,443.061743
-2.1,3,443.072852
13.35,10,443.111253
11.2,29,443.213772
12.0,21,443.288554
12.85,16,443.343512
13.55,10,443.379277
-11.65,98,443.722426
12.45,20,443.79281
8.65,44,443.940589
12.95,14,443.989696
11.8,29,469.932691
12.55,22,470.022368
13.3,15,470.080003
-2.1,3,470.090893
13.3,15,470.148414
12.05,20,470.225358
13.7,7,470.25231
-2.15,4,470.268492
5.95,2,470.275811
-4.3,27,470.390482
12.6,17,470.462055
13.2,9,470.507397
13.3,11,470.558738
5.95,2,470.56653
13.7,7,470.591449
9.55,6,470.613945
-2.0,1,470.617179
13.15,14,470.668156
13.35,14,470.720804
9.7,39,470.864434
5.95,2,470.871681
11.3,27,471.016924
-2.0,1,471.021904
12.25,24,471.140759
13.5,11,471.192127
12.55,18,471.273105
5.95,2,471.287082
13.15,18,471.411046
-4.35,28,471.581483
13.3,11,471.646072
9.85,4,471.672962
13.0,13,471.748153
9.7,7,471.786836
10.55,30,471.937262
11.05,28,472.074389
11.9,19,472.15496
-3.9,19,472.250297
-2.0,1,472.255609
13.0,17,500.006223
11.65,28,500.093423
13.45,12,500.136063
13.1,15,500.189981
13.25,12,500.234973
12.2,17,500.301305
11.7,23,500.392288
9.85,4,500.405921
4.0,1,500.409608
11.65,20,500.481945
13.4,13,500.52597
13.1,15,500.576123
-2.4,9,500.606236
10.55,34,500.715405
-18.05,98,501.050862
-3.2,21,501.122709
-2.3,7,501.147757
13.4,9,501.178607
12.5,15,501.229761
4.7,63,501.439193
12.6,17,501.494685
5.95,2,501.501238
9.6,53,501.682139
-2.0,1,501.685516
-2.7,11,526.070328
5.95,2,526.076491
12.2,21,526.139956
13.65,8,526.163632
13.5,11,526.196375
7.65,48,526.341002
12.85,16,526.389663
13.4,9,526.417399
11.55,26,526.495545
13.1,15,526.53983
6.0,1,526.54277
13.4,13,526.58123
7.9,3,526.590119
12.65,16,526.637458
-2.0,1,526.640447
13.6,9,526.667022
12.9,19,526.724939
-2.45,10,526.7564
10.2,33,526.865006
-2.0,1,526.868121
12.75,18,526.926354
7.95,2,526.932875
10.85,28,527.023909
13.55,10,527.055786
13.45,12,527.094954
11.05,28,527.185615
13.3,11,527.220961
9.15,46,527.365267
13.25,16,527.415609
4.0,1,527.419357
11.8,25,527.499649
13.0,13,527.541354
13.6,9,527.570129
13.6,9,527.599173
9.9,3,527.608908
12.4,21,554.354488
12.25,20,554.439471
-2.0,1,554.443358
13.3,15,554.497636
11.65,8,554.529887
4.0,1,554.533891
12.2,25,554.624623
13.25,12,554.66637
13.55,10,554.701495
7.9,3,554.711833
12.55,18,554.775831
13.7,7,554.799936
11.95,22,554.879233
12.45,16,554.936027
7.85,4,554.949969
12.8,21,555.022413
13.5,11,555.059946
13.55,10,555.094268
13.15,14,555.14202
13.35,14,555.196133
12.8,17,555.262316
13.9,3,555.273694
13.95,2,555.281465
12.55,18,555.35369
10.2,37,555.509434
13.0,17,555.575577
13.0,17,555.638304
-2.15,4,555.653498
7.8,5,555.670868
13.1,11,555.708686
-2.45,10,555.743626
13.25,16,555.801474
13.3,11,555.841761
13.45,12,555.886218
13.75,6,555.907584
-2.0,1,555.911088
-2.0,1,555.914643
-2.1,3,555.924821
4.0,1,555.928337
-2.0,1,555.931773
13.55,10,555.967201
5.9,3,555.977968
6.0,1,555.981621
13.35,10,556.016422
13.65,8,556.04496
13.75,6,556.066598
12.25,20,556.141363
7.85,4,556.158856
12.65,16,556.223403
12.95,18,581.322082
11.35,34,581.471799
-2.35,8,581.510511
13.55,10,581.560551
12.95,18,581.643957
5.9,3,581.657112
13.0,17,581.741629
13.65,8,581.784443
-2.0,1,581.789977
-2.0,1,581.795466
6.0,1,581.800509
-2.0,1,581.80579
9.8,5,581.831785
12.3,19,581.935642
13.75,6,581.9677
13.5,11,582.030952
4.0,1,582.035761
13.45,8,582.077211
12.95,14,582.154023
9.75,6,582.186578
-2.0,1,582.192628
10.4,29,582.350796
13.5,11,582.403901
13.25,12,582.453414
13.75,6,582.477008
11.05,32,582.614708
13.4,13,582.672005
13.4,13,582.729995
7.1,55,582.957515
13.2,17,583.02961
-3.2,9,583.067211
13.05,12,583.116822
13.45,12,583.170187
12.8,21,583.2597
13.1,15,583.316781
12.25,16,583.381286
-2.4,9,583.426133
8.0,1,583.429991
9.8,5,583.449325
13.1,15,583.505279
6.0,1,583.50976
13.55,10,583.547667
11.75,26,609.05948
7.65,40,609.19903
13.8,5,609.217254
12.85,12,609.260611
12.2,21,609.343244
13.7,7,609.368045
13.5,11,609.407189
13.45,12,609.450166
13.5,11,609.492812
13.65,8,609.52254
11.8,5,609.54143
12.35,22,609.627863
-2.05,2,609.634991
12.9,15,609.690947
-2.05,2,609.69879
5.95,2,609.705871
12.15,22,609.78358
13.55,10,609.820381
13.65,8,609.846285
13.8,5,609.863227
13.3,15,609.912283
10.65,28,610.007925
13.1,15,610.057018
12.1,19,610.121474
11.35,26,610.21268
13.25,16,610.270168
10.8,29,610.412016
13.9,3,610.427549
12.25,24,610.546053
13.25,12,610.603771
4.0,1,610.608855
4.0,1,610.61376
11.5,11,610.670949
7.85,4,610.69197
13.15,18,610.780626
13.0,17,610.861305
13.55,10,610.90649
8.85,12,610.966467
8.0,1,610.973297
15.05,20,637.235229
14.95,18,637.296031
7.85,4,637.308859
15.0,21,637.378608
-5.55,32,637.485335
-11.55,76,637.754255
9.95,2,637.760941
11.75,6,637.781663
-17.55,128,638.370108
5.95,2,638.381548
-19.55,128,638.890962
10.35,50,639.075543
-17.75,128,664.195907
15.15,14,664.237683
15.45,12,664.273623
9.8,5,664.288593
4.0,1,664.291605
14.5,15,664.337511
4.0,1,664.340624
-4.85,30,664.437462
15.7,7,664.457188
9.8,5,664.471596
-2.15,4,664.484197
14.7,23,664.557955
-2.35,8,664.583468
15.1,15,664.633161
14.8,17,664.687557
13.5,27,664.778718
13.3,31,664.892314
7.8,5,664.912165
13.75,26,665.007795
15.2,17,665.066606
9.8,5,665.086582
-3.35,16,665.148403
14.5,23,665.239746
13.9,27,665.372625
14.8,13,665.421091
-2.35,8,665.447652
9.25,60,665.648303
14.7,19,691.923004
14.3,23,691.984105
14.6,21,692.039837
13.35,26,692.109098
11.95,2,692.11465
14.25,24,692.180436
14.05,24,692.246502
-2.05,2,692.252132
14.2,29,692.329731
10.55,50,692.461887
11.65,8,692.483258
14.25,20,692.537491
-2.45,10,692.564813
-2.3,7,692.583821
12.95,30,692.663374
-2.05,2,692.668626
14.8,17,692.71435
13.6,29,692.792961
14.3,23,692.858608
14.8,21,692.917817
-2.15,4,692.929136
11.65,8,692.951604
14.2,21,693.011763
-2.0,1,693.014675
-2.0,1,693.017648
13.5,31,693.105519
14.8,21,693.164645
-3.75,24,693.232532
14.5,27,716.540077
15.25,12,716.570834
13.15,30,716.646667
12.55,34,716.738907
13.05,36,716.835997
12.55,34,716.927643
12.8,33,717.015509
13.15,30,717.097056
15.7,7,717.115586
15.35,14,717.153608
14.05,24,717.219277
13.8,29,717.297766
11.25,52,717.437768
15.0,17,717.483403
15.05,16,717.525892
15.4,13,717.561491
15.45,12,717.595631
-2.2,5,717.609496
12.4,33,717.701921
7.95,2,717.707761
14.6,21,717.769072
13.35,34,717.867099
14.75,18,717.920429
-2.4,9,740.711424
15.05,16,740.755951
15.2,13,740.792199
-6.35,48,740.923978
10.0,1,740.926741
-2.0,1,740.929722
14.7,23,740.994202
14.95,14,741.033979
7.95,2,741.039712
14.8,13,741.076356
12.45,36,741.17694
15.05,20,741.232979
-2.0,1,741.235771
-2.5,11,741.266221
15.25,16,741.31061
10.8,49,741.458482
14.5,19,741.516648
11.75,6,741.534593
15.55,10,741.56447
-4.05,30,741.657084
-2.0,1,741.660563
10.55,46,741.822206
9.8,5,741.839983
14.9,15,741.893266
4.0,1,741.896767
11.7,7,741.921572
14.9,15,741.973815
14.25,20,742.043061
13.35,30,742.149406
15.25,16,742.205394
13.45,36,765.414804
15.25,16,765.457638
14.9,15,765.497983
14.4,17,765.543424
11.65,8,765.565053
15.3,15,765.607187
11.9,39,765.717429
15.35,14,765.757076
9.8,5,765.771313
7.95,2,765.777038
14.8,17,765.825094
14.3,23,765.890405
-3.05,14,765.929946
15.15,18,765.981833
15.0,21,766.042467
14.45,20,766.099226
7.95,2,766.105041
15.5,11,766.136086
14.25,20,766.192669
15.2,13,766.229761
-2.85,14,766.269171
15.05,12,766.303549
-2.3,7,766.322955
14.45,16,766.368389
6.0,1,766.371246
11.75,42,766.491119
15.0,17,766.539317
14.3,23,766.606364
7.95,2,766.61241
15.0,21,766.67593
15.1,19,766.733033
15.05,16,766.781324
15.3,15,766.826533
15.25,16,789.650022
-2.35,8,789.676182
5.95,2,789.682594
12.75,26,789.763389
9.95,2,789.76925
4.0,1,789.77216
11.6,9,789.79859
5.95,2,789.804482
15.65,8,789.82796
15.65,8,789.851682
15.45,12,789.887086
12.8,25,789.962622
15.55,10,789.992399
4.0,1,789.995435
14.75,22,790.062285
14.75,18,790.117519
-2.1,3,790.126452
14.65,20,790.191073
7.85,4,790.204274
13.7,31,790.313536
7.75,6,790.339477
15.05,20,790.413341
7.75,6,790.433953
11.65,8,790.461361
12.15,38,790.593896
-2.2,5,790.611042
4.0,1,790.614553
15.4,13,790.658922
15.55,10,790.69288
-2.65,14,790.740706
15.05,12,790.782034
15.0,17,790.839687
9.8,5,790.856698
14.95,18,790.918478
14.9,11,790.955921
11.2,49,791.126064
15.65,8,791.153407
11.9,3,791.163736
9.6,9,791.194441
15.7,7,791.218415
-2.15,4,791.232067
14.2,25,813.957555
6.7,75,814.188395
13.25,28,814.275043
14.8,21,814.339724
14.4,21,814.404545
15.05,12,814.439382
15.2,17,814.487847
11.6,37,814.597933
15.2,9,814.625224
6.6,85,814.883607
12.9,39,815.002337
15.25,16,815.051394
13.0,33,815.147841
15.35,14,815.188729
15.65,8,815.212645
13.25,16,815.262042
14.85,16,815.311421
13.45,32,815.404418
7.85,4,815.416784
14.9,19,815.475479
8.15,74,838.621377
4.0,1,838.623981
15.65,8,838.644565
15.5,11,838.673151
14.7,19,838.722606
12.95,14,838.759029
7.9,3,838.766738
13.65,8,838.78746
-3.0,13,838.82285
15.4,13,838.858306
5.95,2,838.863757
14.65,16,838.908352
14.4,25,838.977766
15.4,13,839.014081
13.5,11,839.044464
11.9,3,839.052792
15.6,9,839.077527
15.5,11,839.107296
15.2,17,839.154504
15.1,15,839.195959
15.2,17,839.242844
4.0,1,839.245597
14.8,21,839.303135
13.35,30,839.384851
9.9,3,839.392754
7.95,2,839.398136
14.85,12,839.431292
15.6,9,839.455769
15.15,18,839.504653
15.7,7,839.523562
-2.55,8,839.545223
12.5,31,839.630767
15.3,15,839.672098
13.45,12,839.705317
9.7,7,839.724595
11.75,6,839.741551
15.6,9,839.768237
6.0,1,839.771358
13.85,24,839.842046
13.1,43,862.248902
9.9,3,862.258411
11.75,6,862.27825
14.65,20,862.346454
11.65,8,862.371597
15.3,15,862.422705
15.6,9,862.454657
-2.95,20,862.520135
14.05,28,862.611018
14.6,17,862.688808
15.25,16,862.74999
14.15,26,862.84941
-2.0,1,862.852945
6.65,80,863.141549
14.15,26,863.236241
14.55,22,863.317402
10.95,46,863.506594
6.0,1,863.511687
5.95,2,863.51974
-19.85,162,890.337189
17.05,20,890.42826
15.1,43,890.637621
15.2,33,890.781703
15.05,16,890.843704
5.9,3,890.85569
15.35,26,890.956848
9.95,2,890.964163
16.85,20,891.040059
10.65,68,891.297225
13.75,42,891.453226
7.8,5,891.471574
14.0,45,891.643903
16.75,18,891.710588
12.9,51,891.912592
-2.4,9,891.951954
15.45,40,892.12879
7.35,94,919.025852
14.65,40,919.145325
-2.9,15,919.19093
15.9,31,919.286548
14.6,49,919.44394
15.7,35,919.550119
4.65,8,919.574135
17.35,14,919.61664
15.25,36,919.735678
10.4,65,919.95702
15.2,37,920.076133
11.35,58,920.265536
12.9,59,920.461859
7.6,93,947.742492
-2.0,1,947.745907
12.7,43,947.88755
10.25,60,948.084458
16.3,23,948.160844
16.85,20,948.225085
5.95,2,948.231517
16.95,22,948.302299
15.9,31,948.4086
17.6,9,948.439703
16.65,20,948.509779
16.3,23,948.587936
9.8,5,948.605567
16.55,26,948.696826
9.65,8,948.724204
13.55,10,948.758385
12.65,52,948.95005
15.8,29,949.058952
16.6,25,949.151788
16.95,22,976.239906
16.2,29,976.325267
10.65,64,976.521083
16.7,27,976.607174
9.9,3,976.616456
5.8,101,976.946497
16.7,19,977.009078
15.95,26,977.091755
-2.5,7,977.113556
15.5,31,977.211389
11.75,6,977.232625
-2.55,12,977.273699
17.2,17,977.328101
15.25,32,977.434883
9.9,3,977.444716
9.4,65,977.660975
-2.55,12,977.70029
16.9,23,977.775984
15.4,29,1005.092106
14.15,38,1005.212976
16.0,25,1005.29337
16.85,24,1005.370472
16.65,20,1005.437403
14.85,40,1005.563373
15.25,36,1005.678217
15.6,33,1005.782658
16.5,27,1005.870621
16.7,27,1005.958112
14.0,1,1005.96125
13.55,10,1005.995514
15.75,26,1006.083579
16.0,33,1006.18922
16.05,32,1006.29686
16.8,17,1006.354688
15.35,34,1006.466277
7.4,101,1033.94969
17.0,17,1034.01497
16.0,29,1034.127792
17.55,10,1034.167785
17.05,12,1034.212338
-29.45,162,1034.850749
15.75,26,1034.961193
17.1,19,1035.042686
15.85,20,1035.126624
16.8,21,1035.215381
15.8,33,1035.35404
9.7,7,1035.383065
15.55,34,1035.524615
16.5,23,1035.619826
14.1,51,1035.839223
-2.0,1,1035.843576
5.9,3,1035.857326
15.55,34,1062.607491
15.75,34,1062.770081
17.05,20,1062.868299
15.3,15,1062.951422
15.45,32,1063.130181
11.85,4,1063.153645
5.95,2,1063.165238
-2.45,10,1063.214143
15.9,31,1063.355586
-2.35,8,1063.38831
9.85,4,1063.404727
16.85,20,1063.490314
-2.4,9,1063.527163
7.75,6,1063.551551
11.5,59,1063.796335
16.4,29,1063.924874
14.65,36,1064.080194
16.55,26,1064.192582
15.8,25,1064.296158
15.0,41,1064.466089
16.35,22,1064.560076
16.3,19,1064.639105
16.2,25,1064.744064
15.75,34,1092.184432
-2.5,11,1092.228202
6.0,1,1092.232317
15.9,35,1092.374314
15.4,13,1092.426518
6.0,1,1092.430515
13.55,10,1092.471187
16.65,16,1092.537671
11.55,10,1092.578257
17.1,19,1092.657341
-2.3,7,1092.685968
6.8,97,1093.078576
17.25,16,1093.147772
17.05,20,1093.226183
9.65,8,1093.256435
16.25,20,1093.331852
17.15,18,1093.398579
-2.25,6,1093.421479
17.1,19,1093.492932
15.35,38,1093.63645
17.05,20,1093.717228
9.85,4,1093.732578
13.35,14,1093.786121
-2.0,1,1093.789671
-2.3,7,1093.815728
1.3,139,1121.198747
17.05,16,1121.266257
15.3,39,1121.41977
17.2,17,1121.487445
16.1,23,1121.576854
16.95,14,1121.631254
16.65,24,1121.724729
4.0,1,1121.728617
-2.55,12,1121.775872
16.75,26,1121.881821
16.05,28,1121.990813
17.3,15,1122.05129
15.9,31,1122.172507
4.0,1,1122.177416
17.5,11,1122.221712
17.1,19,1122.296297
17.35,14,1122.349717
16.55,26,1122.446106
16.05,28,1122.551561
16.2,25,1122.64652
16.1,23,1122.730398
17.4,13,1122.77815
16.55,22,1122.859802
16.9,19,1122.929858
17.05,16,1122.988014
16.6,25,1150.466157
4.0,1,1150.471
16.45,28,1150.577887
17.0,17,1150.642165
16.6,21,1150.721813
15.7,23,1150.811307
16.9,23,1150.897991
16.15,22,1150.980695
16.65,28,1151.087103
6.0,1,1151.090902
16.15,22,1151.174065
14.15,46,1151.346095
15.4,33,1151.477696
16.35,26,1151.583612
-2.5,11,1151.628968
15.25,36,1151.773237
16.4,21,1151.859133
-2.15,4,1151.875635
9.8,5,1151.898901
16.25,36,1152.058484
7.8,5,1152.078506
16.45,20,1152.160302
17.25,16,1152.23005
5.95,2,1152.238528
16.05,28,1152.355257
14.3,39,1179.647568
10.65,72,1179.889925
17.25,16,1179.944937
4.0,1,1179.94849
9.9,3,1179.958327
16.9,19,1180.022638
16.85,24,1180.106397
16.5,27,1180.210128
16.45,24,1180.296624
17.5,11,1180.33643
16.6,25,1180.428491
17.2,17,1180.491645
16.8,25,1180.583077
-24.25,162,1181.186107
13.55,10,1181.22347
8.75,86,1208.940889
16.4,21,1209.021993
7.95,2,1209.030797
-4.1,27,1209.138687
16.9,15,1209.196109
16.9,15,1209.254571
11.5,11,1209.298498
13.6,9,1209.332395
15.8,25,1209.42656
16.8,25,1209.521761
-2.25,6,1209.54488
17.15,14,1209.597308
9.75,6,1209.619779
15.8,21,1209.699186
16.45,20,1209.774188
4.0,1,1209.777835
17.2,17,1209.83976
17.0,17,1209.902205
17.35,14,1209.953651
16.4,25,1210.044405
17.2,17,1210.106048
16.9,23,1210.188162
11.6,9,1210.220225
17.1,19,1210.290025
17.4,13,1210.337721
4.0,1,1210.342173
13.65,32,1210.45844
16.95,18,1210.524183
17.4,13,1210.570748
17.6,9,1210.603049
13.15,14,1210.653485
13.4,45,1237.989547
16.95,22,1238.069547
9.8,5,1238.087441
17.05,20,1238.159689
12.4,45,1238.31928
17.5,11,1238.35924
16.85,20,1238.432292
16.9,23,1238.515439
17.45,12,1238.558707
16.1,31,1238.672196
17.3,15,1238.723478
7.9,3,1238.733438
17.55,10,1238.766612
17.25,16,1238.820871
15.85,28,1238.915888
16.8,21,1238.986638
17.55,10,1239.020556
9.7,7,1239.044825
13.65,8,1239.071273
14.15,38,1239.214716
15.1,39,1239.343776
16.85,20,1239.410709
17.45,12,1239.450495
17.1,15,1239.499863
16.85,20,1239.566984
13.5,11,1239.603818
17.0,21,1239.68653
17.15,18,1266.992772
15.1,19,1267.055893
15.6,9,1267.087322
17.0,21,1267.157186
17.05,20,1267.223672
13.7,51,1267.405966
16.95,22,1267.485773
13.55,10,1267.523652
15.5,11,1267.565655
4.0,1,1267.569186
15.75,30,1267.678951
9.7,7,1267.704424
17.3,11,1267.743962
-2.0,1,1267.747555
14.9,35,1267.875046
9.75,6,1267.896809
17.05,16,1267.956291
16.75,22,1268.037293
9.95,2,1268.04481
15.65,28,1268.150172
16.2,33,1268.269602
16.55,22,1268.349108
17.15,18,1268.413666
7.85,4,1268.428035
16.4,29,1268.534098
17.1,19,1268.603713
16.4,25,1268.694157
17.25,16,1268.754206
17.1,19,1296.34738
15.1,35,1296.481006
10.6,73,1296.757305
-37.45,162,1297.37337
17.1,15,1297.430334
11.75,6,1297.453399
16.55,26,1297.55221
16.95,22,1297.634377
16.95,22,1297.71772
0.6,157,1325.598171
7.85,4,1325.612528
-0.85,194,1326.308983
4.0,1,1326.312351
9.75,6,1326.334246
13.9,63,1326.558114
14.95,58,1326.765871
7.9,3,1326.776977
12.55,78,1327.052262
11.65,8,1327.08015
18.1,31,1327.188209
17.15,38,1327.320364
14.6,73,1355.349392
15.75,54,1355.547366
16.8,33,1355.666807
15.75,58,1355.875589
6.0,1,1355.87921
18.6,25,1355.96989
10.35,102,1356.342928
-3.3,19,1356.412702
16.75,38,1356.548062
16.3,43,1356.700895
17.65,36,1356.831307
17.75,30,1356.937498
16.6,41,1384.035739
-2.65,10,1384.076805
14.5,59,1384.321567
12.2,89,1384.65158
9.65,8,1384.682202
9.75,6,1384.704038
9.7,7,1384.730061
15.95,50,1384.910513
19.15,18,1384.971102
18.4,25,1385.057633
18.1,27,1385.150946
-2.55,12,1385.192472
18.45,28,1385.288611
19.6,9,1385.319996
13.4,13,1385.36566
17.2,17,1385.425024
18.7,27,1385.527725
-2.1,3,1385.53918
4.0,1,1385.543748
16.85,48,1385.73688
18.6,25,1412.549128
14.05,68,1412.781804
17.95,34,1412.894438
18.3,23,1412.969605
15.3,59,1413.168782
14.55,66,1413.404819
18.65,24,1413.488027
15.6,9,1413.520586
17.05,48,1413.691473
13.9,67,1413.930319
13.25,68,1414.199248
18.75,18,1414.273375
5.95,2,1414.28152
16.15,38,1441.326914
16.95,22,1441.404025
11.5,11,1441.442339
-2.3,7,1441.467714
16.15,50,1441.657571
-2.8,17,1441.72162
-2.7,15,1441.777853
19.15,18,1441.847566
18.9,23,1441.933916
8.1,111,1442.396858
16.45,28,1442.512647
14.75,62,1442.774835
13.4,77,1443.102624
13.85,68,1470.772666
18.55,30,1470.870844
19.1,19,1470.932534
-2.0,1,1470.935607
18.5,27,1471.023048
18.8,25,1471.107162
19.2,17,1471.167602
18.45,20,1471.23784
18.2,33,1471.357626
19.05,20,1471.427785
17.5,11,1471.467507
-2.0,1,1471.471173
17.4,37,1471.613244
10.45,16,1471.669656
-2.05,2,1471.677183
18.1,31,1471.788471
-2.3,7,1471.813162
16.3,51,1471.994748
16.2,45,1472.180736
18.8,25,1472.295443
11.75,6,1472.319839
-2.6,13,1472.37706
17.15,38,1472.53713
14.15,66,1499.940055
18.95,22,1500.017653
17.3,39,1500.159172
11.8,5,1500.176839
-3.2,21,1500.252311
4.0,1,1500.256016
11.8,73,1500.518482
18.05,28,1500.620082
18.45,32,1500.738574
16.45,40,1500.901982
18.9,15,1500.964779
19.4,13,1501.016982
18.7,27,1501.125998
15.9,47,1501.323249
18.7,27,1501.434754
11.8,5,1501.456259
16.85,44,1501.632825
18.0,33,1529.214874
18.05,40,1529.354051
17.75,34,1529.46431
12.5,59,1529.659315
-2.45,6,1529.679792
11.8,5,1529.696913
-2.25,6,1529.717033
9.55,90,1530.024575
11.45,12,1530.069265
17.9,31,1530.185063
19.1,19,1530.258454
19.2,17,1530.323266
18.75,26,1530.421784
17.7,39,1530.558966
12.65,68,1530.800139
18.5,27,1530.892215
7.9,3,1530.902734
9.85,4,1530.916729
11.6,9,1530.948797
18.5,31,1558.674762
18.8,25,1558.76416
19.55,10,1558.796331
17.8,33,1558.909503
-2.9,15,1558.960591
18.4,33,1559.074187
18.8,25,1559.157503
13.65,8,1559.184741
11.8,5,1559.20148
-2.45,10,1559.234174
13.45,12,1559.277594
-2.1,3,1559.287875
13.3,11,1559.327003
19.05,20,1559.396354
6.0,1,1559.399607
19.2,17,1559.456164
18.15,30,1559.561099
18.35,30,1559.661208
18.05,36,1559.781746
17.15,38,1559.910264
18.4,25,1560.000898
9.8,5,1560.019506
18.45,28,1560.122001
18.45,28,1560.225263
11.55,10,1560.26163
11.7,7,1560.28803
18.65,28,1587.39522
15.65,48,1587.572409
14.55,46,1587.740059
18.2,29,1587.846877
9.65,8,1587.877144
18.8,17,1587.94104
11.5,91,1588.3164
7.85,4,1588.33279
14.75,54,1588.555233
17.45,28,1588.66794
7.6,89,1589.032852
18.2,29,1589.149916
17.5,35,1589.291529
-2.1,3,1589.303256
17.95,30,1616.405532
11.7,7,1616.428775
18.5,31,1616.53365
19.05,20,1616.60338
17.8,25,1616.691826
7.8,5,1616.710124
18.95,18,1616.7758
-2.0,1,1616.779542
18.95,22,1616.858695
19.2,17,1616.922319
18.55,26,1617.021116
17.8,33,1617.147501
6.0,1,1617.151506
19.15,18,1617.221489
18.35,26,1617.322948
18.25,32,1617.457442
9.8,5,1617.477656
18.25,24,1617.574234
4.0,1,1617.578995
-2.0,1,1617.582956
18.7,19,1617.658134
18.2,33,1617.788707
15.2,57,1618.013336
16.95,22,1618.100955
15.5,11,1618.143816
16.3,31,1618.265656
17.0,37,1645.55366
-2.7,15,1645.608178
17.65,32,1645.717927
18.0,33,1645.831316
18.35,30,1645.933386
-6.15,44,1646.087026
-3.25,14,1646.134881
17.5,35,1646.257441
16.5,47,1646.424494
-2.1,3,1646.434708
17.7,31,1646.543061
18.85,20,1646.612739
17.85,28,1646.708025
18.45,28,1646.817096
19.3,15,1646.877764
4.0,1,1646.881587
-2.15,4,1646.897182
-2.0,1,1646.901062
17.25,16,1646.964041
18.6,29,1647.079937
18.6,29,1647.197689
7.85,4,1647.214782
18.85,24,1647.31555
-2.0,1,1647.319693
18.6,21,1674.563908
18.7,19,1674.635343
18.7,27,1674.735221
7.85,4,1674.74972
7.85,4,1674.765454
18.4,29,1674.873951
18.6,25,1674.967204
17.8,37,1675.102193
18.75,18,1675.166962
18.8,21,1675.241573
19.2,17,1675.308147
18.95,22,1675.392366
18.35,34,1675.517881
19.05,20,1675.590824
18.9,23,1675.675404
4.0,1,1675.678821
13.75,6,1675.700493
13.4,13,1675.748589
18.65,24,1675.83569
17.2,37,1675.974401
-2.55,12,1676.01773
19.15,18,1676.083684
18.6,21,1676.159613
16.55,42,1676.31269
18.35,26,1676.40848
7.95,2,1676.415625
7.95,2,1676.423342
18.0,37,1703.673422
11.55,10,1703.710601
18.95,22,1703.789182
13.9,47,1703.972072
7.75,6,1703.99399
-2.5,11,1704.034267
16.6,49,1704.215301
16.35,42,1704.36871
-2.5,11,1704.408613
18.65,28,1704.511479
4.0,1,1704.515086
19.3,15,1704.569551
19.1,19,1704.639033
10.0,89,1704.966708
18.75,26,1705.060648
13.95,2,1705.067758
18.7,23,1705.152136
9.7,7,1705.177293
6.0,1,1705.180982
15.25,16,1705.238496
18.1,27,1705.336704
19.05,20,1705.40939
18.95,22,1732.326021
17.45,36,1732.459297
18.6,25,1732.55391
19.1,19,1732.632011
18.2,25,1732.729815
9.2,9,1732.763944
18.85,20,1732.842833
11.65,8,1732.877425
-2.85,14,1732.934549
17.95,34,1733.071573
16.95,22,1733.159998
18.85,24,1733.252966
13.6,9,1733.28825
16.65,44,1733.465727
17.95,30,1733.586214
19.0,21,1733.66897
18.45,28,1733.781285
18.35,22,1733.869949
-3.05,18,1733.94102
7.95,2,1733.948431
-4.2,33,1734.078603
18.45,24,1734.174228
17.8,33,1761.702164
9.75,6,1761.726877
18.55,26,1761.8297
18.85,24,1761.922017
15.1,15,1762.120685
18.45,24,1762.204802
20.9,23,1762.284599
-35.85,242,1763.200289
7.0,145,1791.189017
4.0,1,1791.192541
-2.0,1,1791.196009
-2.4,9,1791.226716
7.85,4,1791.240131
19.25,36,1791.367293
16.4,61,1791.57351
14.8,81,1791.847558
20.15,30,1791.941191
17.75,46,1792.089845
17.8,53,1792.27196
11.95,2,1792.278957
20.1,23,1792.35606
18.15,50,1792.527213
18.7,47,1792.712908
20.45,32,1792.842045
12.1,19,1820.004029
15.3,87,1820.304021
20.3,23,1820.389091
20.5,27,1820.48266
-3.3,23,1820.566689
21.3,15,1820.619981
-13.05,110,1821.001479
-3.45,30,1821.100874
19.6,33,1821.211699
18.2,53,1821.382143
19.15,42,1821.517967
20.45,32,1821.620378
4.0,1,1821.623719
18.45,52,1848.867123
17.85,48,1849.070105
20.75,26,1849.172039
-26.25,186,1849.888198
14.9,83,1850.207935
18.95,38,1850.359144
10.8,105,1878.596826
19.85,32,1878.710093
17.8,61,1878.934003
-28.05,242,1879.781006
20.0,41,1879.933384
19.4,45,1880.094377
-2.2,5,1880.111294
14.55,82,1907.814774
7.9,3,1907.837158
15.7,71,1908.278823
17.5,63,1908.585259
19.25,36,1908.753911
18.7,47,1908.957097
18.95,38,1909.108438
19.65,28,1909.214024
20.3,31,1909.333904
19.65,40,1909.488216
-3.0,17,1909.54558
-5.9,55,1909.725842
18.45,40,1909.855593
20.15,38,1909.981538
17.25,56,1936.721262
-2.3,7,1936.747381
18.7,43,1936.895658
20.0,37,1937.026065
20.05,40,1937.166399
-2.6,13,1937.212561
20.1,35,1937.337786
21.15,18,1937.400392
19.95,38,1937.533271
15.45,76,1937.809875
20.65,28,1937.917644
9.25,116,1938.33508
18.3,47,1965.720954
18.95,38,1965.852674
20.35,34,1965.97122
19.45,36,1966.094276
-2.9,19,1966.160209
18.3,55,1966.350507
19.95,38,1966.483415
-2.0,1,1966.486754
17.75,50,1966.659455
-4.25,22,1966.739271
6.95,130,1967.184805
-2.0,1,1967.187926
19.4,41,1967.320212
-2.15,4,1967.33408
20.5,31,1994.55838
11.75,6,1994.581995
-2.3,7,1994.608644
20.15,30,1994.718844
18.25,40,1994.875064
17.7,55,1995.090537
18.95,42,1995.248729
17.3,55,1995.455683
6.0,1,1995.459279
18.35,46,1995.631226
18.05,52,1995.841673
20.75,26,1995.945201
18.35,42,1996.104908
4.0,1,1996.108459
15.2,17,1996.169961
20.0,41,1996.312728
19.55,42,2023.547235
17.1,59,2023.8126
18.1,55,2024.044507
18.85,56,2024.261377
19.3,39,2024.410014
17.3,59,2024.639705
19.6,45,2024.845327
18.45,40,2025.00077
3.75,2,2025.008318
17.5,59,2025.231902
20.3,31,2025.350112
20.15,34,2025.478547
15.05,20,2052.586909
20.6,25,2052.67381
19.75,34,2052.792594
17.0,77,2053.040023
20.85,24,2053.116573
19.4,41,2053.247698
11.75,6,2053.266603
7.8,5,2053.282644
20.95,22,2053.355893
17.1,59,2053.553837
7.95,2,2053.561141
11.7,7,2053.585794
19.85,36,2053.712178
19.25,40,2053.857523
9.9,3,2053.868201
18.2,45,2054.02869
-3.3,19,2054.095871
18.75,46,2054.261173
19.15,46,2081.560055
19.15,42,2081.697035
19.5,35,2081.80764
20.15,34,2081.918035
20.6,29,2082.011245
19.65,36,2082.129468
20.6,29,2082.223284
11.65,8,2082.248192
20.3,27,2082.337514
16.0,65,2082.56895
21.15,18,2082.634453
18.3,35,2082.771178
20.45,32,2082.904453
16.45,68,2083.223085
17.95,34,2110.602091
13.5,11,2110.652419
13.35,14,2110.717441
20.75,26,2110.826479
18.35,58,2111.067143
18.9,47,2111.258934
18.45,48,2111.441198
20.35,34,2111.564215
18.95,38,2111.697885
20.95,22,2111.77547
18.2,45,2111.933132
20.65,28,2112.031722
-2.1,3,2112.042149
20.15,30,2112.153149
9.8,5,2112.171819
15.05,20,2112.246807
19.9,35,2112.378638
-4.95,48,2139.944737
4.0,1,2139.948566
19.45,36,2140.080387
21.05,20,2140.153319
20.4,33,2140.274734
20.5,31,2140.388361
12.85,84,2140.678633
18.6,49,2140.848004
19.85,32,2140.956286
17.35,54,2141.141708
17.95,46,2141.307745
20.7,27,2141.40461
9.95,114,2169.313179
20.95,18,2169.379279
19.95,30,2169.492801
9.6,9,2169.525611
19.6,37,2169.65217
17.95,46,2169.810016
20.3,35,2169.938575
20.9,23,2170.025009
13.2,13,2170.07564
19.9,39,2170.223659
-2.15,4,2170.238817
9.7,7,2170.266556
19.8,41,2170.426866
19.45,36,2170.559062
-2.4,9,2170.593751
-2.0,1,2170.597269
-2.9,19,2170.66666
17.9,55,2170.871749
20.0,33,2171.003265
18.7,43,2198.491221
9.8,5,2198.507918
15.6,65,2198.726237
5.95,2,2198.733153
9.85,4,2198.747406
19.35,42,2198.89025
20.25,28,2198.987228
20.4,29,2199.085213
19.8,41,2199.249742
20.8,25,2199.342286
-2.75,16,2199.401979
20.85,24,2199.489957
19.8,33,2199.61375
20.6,29,2199.732682
20.5,27,2199.852785
-2.6,13,2199.914527
-16.3,171,2228.177267
19.5,43,2228.331182
7.75,6,2228.352623
20.9,23,2228.439631
17.0,61,2228.682742
20.75,22,2228.764251
20.45,32,2228.882552
17.3,55,2229.079428
15.3,15,2229.134202
-3.35,24,2229.220207
20.55,30,2229.329322
18.0,45,2229.496736
9.85,4,2229.511221
19.9,39,2229.661937
4.0,1,2229.665799
20.0,33,2229.787462
20.65,28,2256.847291
20.3,31,2256.96177
19.85,36,2257.096781
21.2,13,2257.145053
11.75,6,2257.167619
20.45,32,2257.290462
19.5,39,2257.446831
18.55,38,2257.60254
20.95,22,2257.697459
19.6,33,2257.830252
20.95,22,2257.919211
17.8,53,2258.138355
-2.0,1,2258.14242
19.7,31,2258.271882
-4.5,39,2258.431379
18.25,48,2258.632385
19.0,41,2258.805027
-2.05,2,2258.813563
18.35,50,2286.40609
9.8,5,2286.426287
11.25,108,2286.868697
20.15,30,2286.992192
-2.3,7,2287.020505
11.55,10,2287.061005
20.15,34,2287.203059
19.4,33,2287.350978
18.3,55,2287.601174
20.45,32,2287.749515
19.25,40,2287.928486
19.8,37,2288.084745
7.8,5,2288.10577
20.5,31,2288.232104
-2.0,1,2288.23643
11.55,94,2316.012162
21.3,15,2316.071555
21.05,20,2316.144835
20.7,27,2316.248388
20.15,34,2316.374282
18.25,48,2316.556661
20.4,33,2316.689116
-3.7,27,2316.788385
19.85,36,2316.923334
18.45,52,2317.121631
21.15,18,2317.194088
20.65,28,2317.306972
18.35,50,2317.49281
19.85,36,2317.632396
4.0,1,2317.636331
19.5,43,2317.810511
19.75,34,2345.521194
18.45,40,2345.69158
20.45,24,2345.782154
15.7,7,2345.808163
19.4,37,2345.946076
19.3,39,2346.079907
15.2,17,2346.140504
18.95,46,2346.304843
13.75,6,2346.327223
5.9,3,2346.337813
14.0,61,2346.553099
20.8,21,2346.625234
19.9,31,2346.728241
18.3,51,2346.903355
19.95,30,2347.009968
7.8,5,2347.027493
20.3,27,2347.121886
19.35,34,2347.24933
17.15,70,2375.212579
20.45,32,2375.31624
20.05,28,2375.406051
20.1,27,2375.498632
20.35,30,2375.602766
14.8,69,2375.846757
20.4,33,2375.962383
20.05,36,2376.08813
20.2,33,2376.212285
18.85,44,2376.376721
5.95,2,2376.384267
15.2,17,2376.44752
20.85,20,2376.52355
19.55,34,2376.650643
20.5,31,2376.765749
17.75,46,2404.111112
20.05,36,2404.228817
20.25,32,2404.332362
13.5,11,2404.367358
20.7,27,2404.455838
16.15,66,2404.668977
20.45,24,2404.746155
5.95,2,2404.752828
20.95,22,2404.825809
18.05,36,2404.954776
-2.9,19,2405.023365
20.4,29,2405.13501
17.2,65,2405.358614
4.0,1,2405.362058
20.55,30,2405.466066
20.35,26,2405.555875
-2.0,1,2405.559311
18.15,46,2405.725993
20.45,24,2433.899356
20.05,24,2433.976864
7.85,4,2433.989364
20.25,28,2434.083137
18.7,43,2434.226652
21.05,16,2434.278137
4.0,1,2434.281316
20.15,26,2434.366431
18.55,46,2434.515552
20.65,24,2434.591857
20.1,27,2434.686283
19.95,42,2434.823182
20.35,34,2434.939663
-3.1,23,2435.018485
20.05,32,2435.129957
18.7,23,2435.210837
13.35,14,2435.263333
20.55,30,2435.369978
7.95,2,2435.3771
20.95,22,2435.455967
19.75,30,2435.562423
11.55,10,2462.717344
9.85,112,2463.268327
20.95,22,2463.365597
20.05,40,2463.563535
19.3,43,2463.777519
20.3,31,2463.926337
6.0,1,2463.930597
17.15,62,2464.204287
20.45,32,2464.348634
4.0,1,2464.353222
15.9,3,2464.36627
19.05,44,2464.557627
20.55,26,2464.665258
16.65,28,2464.780558
19.65,40,2464.945654
19.7,27,2491.880501
18.5,43,2492.072067
16.7,63,2492.357564
11.6,9,2492.398391
17.75,50,2492.624551
20.85,24,2492.732136
13.55,66,2493.03246
21.15,18,2493.118261
20.4,33,2493.257671
19.35,42,2493.436519
-2.6,13,2493.487703
20.2,33,2493.620434
20.6,25,2493.721521
19.45,40,2493.885793
20.0,41,2494.057215
19.8,33,2521.700066
19.9,43,2521.861413
18.35,50,2522.050834
-2.95,20,2522.125789
19.9,43,2522.288171
20.4,25,2522.385562
20.6,29,2522.494812
7.85,4,2522.510851
20.15,38,2522.659228
17.7,55,2522.868078
5.95,2,2522.875563
9.7,7,2522.901209
-2.35,8,2522.93389
20.5,31,2523.047678
18.7,47,2523.233755
20.15,34,2523.366505
20.75,22,2523.447119
20.65,28,2550.934685
19.25,48,2551.131986
18.6,49,2551.320297
20.5,31,2551.436756
20.8,21,2551.516282
18.9,47,2551.713134
19.55,38,2551.872606
20.2,29,2551.993793
19.85,32,2552.126575
4.0,1,2552.130543
9.85,4,2552.146655
-2.05,2,2552.154749
20.05,40,2552.320136
21.15,18,2552.394252
18.0,49,2552.586498
20.9,19,2552.660613
11.65,8,2552.695017
5.0,149,2580.641426
18.55,50,2580.825288
18.2,33,2580.947832
-2.0,1,2580.951544
7.9,3,2580.962172
13.45,12,2581.006462
19.95,34,2581.131522
7.8,5,2581.149909
19.9,35,2581.280083
18.8,37,2581.415621
9.95,2,2581.423045
20.9,23,2581.511346
8.0,1,2581.515151
20.3,35,2581.645205
19.75,46,2581.81809
19.75,38,2581.958925
16.9,23,2582.043845
18.4,49,2582.232119
20.0,41,2609.658132
20.0,29,2609.767354
5.9,3,2609.778419
19.15,42,2609.936509
19.35,46,2610.112491
20.95,22,2610.195148
21.0,21,2610.274499
-2.25,6,2610.297948
11.9,3,2610.309224
20.5,31,2610.430379
18.6,45,2610.606565
20.3,35,2610.756619
20.6,25,2610.865463
19.45,40,2611.04416
20.95,22,2611.143304
4.0,1,2611.147851
15.75,6,2611.17454
-2.0,1,2611.179314
6.0,1,2611.183962
-2.55,12,2611.237653
20.7,27,2611.361201
-2.4,9,2611.40091
-2.0,1,2611.555124
19.9,35,2639.315733
-37.55,288,2640.469711
6.0,1,2640.473703
6.0,1,2640.477565
5.95,2,2640.485622
-1.5,219,2668.277305
19.55,66,2668.490427
17.2,69,2668.710117
13.4,13,2668.753945
15.2,17,2668.812738
22.9,19,2668.877697
18.2,61,2669.08466
21.7,43,2669.234751
17.8,65,2669.464496
19.9,55,2669.650887
-2.1,3,2669.660884
14.9,99,2696.980975
14.95,106,2697.381291
21.5,43,2697.55726
-2.85,18,2697.644373
15.4,13,2697.700521
20.05,64,2697.970943
13.7,7,2697.999448
11.8,5,2698.019661
21.7,39,2698.178494
20.35,42,2698.350244
9.85,4,2698.366423
22.1,39,2698.545867
16.4,89,2699.001864
22.8,21,2699.09791
17.7,79,2726.265954
17.9,71,2726.533403
21.5,39,2726.681734
15.9,99,2727.057595
19.85,72,2727.32704
13.2,121,2727.831069
20.9,43,2728.007401
15.25,32,2755.288699
22.3,31,2755.433353
20.15,34,2755.569294
20.75,50,2755.768604
12.0,109,2756.174285
-3.4,25,2756.268359
20.95,42,2756.443907
-2.2,5,2756.463655
20.35,62,2756.70259
-4.95,36,2756.834704
18.15,34,2756.959736
-2.0,1,2756.963413
20.9,47,2757.13809
20.15,50,2784.526648
18.5,71,2784.750445
20.9,39,2784.871579
21.55,50,2785.034099
-7.0,237,2785.893292
11.45,12,2785.942382
20.9,51,2786.131628
-2.55,12,2813.484271
22.15,38,2813.60687
8.0,1,2813.610135
20.9,43,2813.742289
18.4,29,2813.831392
17.0,81,2814.095745
21.4,45,2814.241782
-23.1,183,2814.845856
12.85,116,2842.392766
-4.0,37,2842.522613
21.95,38,2842.652198
-3.15,24,2842.735406
20.15,46,2842.892686
21.55,38,2843.026375
17.55,74,2843.27687
20.9,39,2843.411036
16.15,94,2843.737622
20.15,50,2843.908194
20.4,53,2871.096761
15.5,79,2871.346117
19.95,58,2871.532249
11.65,8,2871.557348
18.45,32,2871.660813
19.9,63,2871.870003
15.05,20,2871.941062
21.15,46,2872.095272
21.2,45,2872.246663
-2.0,1,2872.249921
21.75,34,2872.365388
19.85,56,2872.556709
20.4,49,2872.720596
20.0,53,2900.680175
9.7,7,2900.701957
19.0,61,2900.896943
-2.0,1,2900.899911
-7.65,70,2901.124676
-3.2,25,2901.206063
-2.0,1,2901.209137
17.0,21,2901.277806
6.0,1,2901.280926
-2.5,11,2901.31748
-2.0,1,2901.320871
21.25,48,2901.474701
8.55,142,2901.941512
22.25,36,2902.077045
20.75,54,2929.410846
-3.3,11,2929.449155
20.65,28,2929.547102
20.9,51,2929.739839
-3.05,22,2929.822836
19.5,39,2929.974498
20.75,54,2930.177311
-2.5,11,2930.218135
22.2,33,2930.342798
21.85,36,2930.481456
22.35,34,2930.611583
21.6,45,2930.784799
21.95,38,2930.92849
18.8,69,2931.19362
21.95,38,2958.217427
18.05,60,2958.419445
19.35,58,2958.607452
18.7,63,2958.820376
22.8,25,2958.906957
15.2,93,2959.235959
9.55,6,2959.258625
7.8,5,2959.277266
7.85,4,2959.29269
21.7,43,2959.460519
21.75,42,2959.634659
13.5,11,2959.679664
20.85,52,2959.887547
21.2,45,2987.795873
7.9,3,2987.806837
12.55,114,2988.199831
20.8,49,2988.368146
-3.1,23,2988.446157
-2.55,12,2988.486913
7.95,2,2988.493779
21.0,41,2988.632774
-3.0,21,2988.704391
19.65,56,2988.897805
22.35,34,2989.014427
19.8,57,2989.210044
-3.05,22,2989.284422
20.8,25,2989.369006
19.8,53,3016.751065
22.3,31,3016.902672
-2.55,12,3016.955664
21.55,46,3017.171396
2.1,183,3017.945745
18.2,25,3018.050044
22.05,40,3018.217445
-3.35,28,3018.323811
21.25,52,3018.535477
18.2,61,3018.769833
-2.4,9,3018.804382
21.65,40,3046.205509
21.65,32,3046.312746
17.75,66,3046.527564
15.4,13,3046.570384
9.8,5,3046.587274
21.1,43,3046.738499
-2.45,10,3046.773554
11.8,5,3046.791035
22.8,25,3046.876877
9.9,3,3046.886907
-10.5,99,3047.225008
22.15,38,3047.356888
21.6,37,3047.486582
22.2,29,3047.587117
21.45,44,3047.740213
21.8,41,3047.877402
-3.15,24,3075.319607
21.4,45,3075.52557
13.65,8,3075.56173
17.15,86,3075.970289
5.95,2,3075.979415
-2.8,17,3076.056567
8.0,1,3076.06118
21.65,44,3076.266976
21.05,48,3076.485881
21.95,38,3076.649549
21.45,36,3076.797469
-2.8,17,3076.866557
20.0,57,3077.108982
19.25,60,3077.359761
21.4,41,3104.900445
20.95,50,3105.110585
22.0,41,3105.28286
21.15,42,3105.444703
22.35,30,3105.558704
16.4,33,3105.691661
-2.7,15,3105.749463
-2.5,11,3105.7909
-1.9,259,3106.796592
21.6,49,3133.756691
22.55,30,3133.874416
13.55,126,3134.407893
22.45,32,3134.542699
22.1,39,3134.707292
22.3,31,3134.837928
9.9,3,3134.850429
7.95,2,3134.858765
21.35,46,3135.053723
22.0,29,3135.181939
20.8,53,3135.429275
23.2,17,3135.507267
-2.55,8,3135.544762
18.7,67,3135.836149
17.75,82,3163.849838
15.35,14,3163.907152
14.9,23,3164.000246
21.85,36,3164.157618
5.95,2,3164.166256
22.25,36,3164.31474
4.0,1,3164.318647
21.75,38,3164.466897
20.35,46,3164.645252
21.95,38,3164.791651
8.05,100,3165.18985
22.6,29,3165.314793
22.55,30,3165.432247
22.35,34,3165.564828
22.4,29,3192.836015
21.5,43,3192.98249
19.3,71,3193.227386
9.75,6,3193.248299
19.4,57,3193.484651
22.05,36,3193.617558
17.5,87,3193.953588
16.45,88,3194.293321
14.5,19,3194.370426
21.95,30,3194.499553
21.45,40,3194.669416
22.3,35,3222.341635
13.35,14,3222.398326
4.0,1,3222.402363
-2.5,11,3222.448027
-3.0,21,3222.534108
-4.8,45,3222.721439
-3.4,25,3222.82444
4.0,1,3222.82894
20.7,51,3223.042007
22.25,36,3223.203303
21.7,47,3223.431637
9.65,8,3223.469469
9.8,5,3223.491554
20.65,52,3223.738065
6.0,1,3223.743123
6.0,1,3223.748959
21.85,40,3223.944775
21.25,44,3224.160491
-2.15,4,3224.18011
21.6,41,3224.369162
21.55,50,3251.869465
16.8,85,3252.166936
20.6,49,3252.340764
5.9,3,3252.351132
21.85,40,3252.490819
21.35,38,3252.622734
22.55,30,3252.727344
20.75,54,3252.925216
-3.1,23,3253.014722
20.55,54,3253.220578
18.35,62,3253.458544
21.7,43,3253.621956
5.95,2,3253.629905
22.3,35,3281.350526
-3.1,19,3281.415709
18.2,57,3281.608752
21.05,48,3281.774353
20.25,48,3281.941339
18.45,60,3282.150877
19.7,51,3282.33734
-2.55,12,3282.383622
21.05,44,3282.5495
15.9,83,3282.867635
21.9,43,3283.029036
22.5,31,3283.148658
21.0,41,3310.999791
9.7,7,3311.024776
22.2,33,3311.144623
22.2,37,3311.275198
18.7,59,3311.486567
21.95,34,3311.601631
21.0,41,3311.746727
20.85,52,3311.93222
16.9,23,3312.012509
11.65,8,3312.041039
19.65,72,3312.317261
-2.75,16,3312.389997
23.15,18,3312.476359
13.7,7,3312.507853
20.9,55,3312.755818
22.45,32,3340.001104
19.3,67,3340.272362
21.45,44,3340.450715
-4.55,40,3340.612326
16.85,24,3340.701795
22.7,27,3340.802906
22.45,32,3340.921966
23.1,19,3340.993967
15.5,11,3341.033947
22.5,27,3341.134614
21.85,40,3341.283839
17.6,65,3341.525748
21.85,32,3341.641986
-3.5,31,3341.757402
22.0,33,3368.759858
22.8,25,3368.848543
22.1,31,3368.954882
9.85,4,3368.968651
22.05,36,3369.096158
22.2,33,3369.209689
21.85,36,3369.336478
22.35,30,3369.448606
20.05,56,3369.655669
21.35,46,3369.828606
19.5,59,3370.048387
22.6,29,3370.157243
13.6,9,3370.189548
19.2,69,3370.452241
14.65,112,3398.430728
21.75,42,3398.594212
19.1,75,3398.879847
13.6,9,3398.913698
21.85,44,3399.084384
22.35,34,3399.232163
22.85,24,3399.330798
18.9,63,3399.592895
20.5,55,3399.817159
22.75,26,3399.922957
11.65,8,3399.955329
20.6,53,3400.158861
21.1,51,3427.945695
22.75,26,3428.043116
22.8,25,3428.137164
21.65,44,3428.314141
9.7,7,3428.343762
22.3,35,3428.484702
21.75,38,3428.640435
19.7,51,3428.845599
17.35,78,3429.163426
22.5,31,3429.287384
6.0,1,3429.291266
9.85,4,3429.306891
20.25,36,3429.451441
-2.0,1,3429.456249
22.6,29,3429.582166
21.0,41,3429.746314
21.2,45,3457.398219
21.8,45,3457.564326
20.7,43,3457.714897
21.8,41,3457.860815
11.55,10,3457.896337
21.45,44,3458.051971
21.7,39,3458.190149
9.75,6,3458.210837
22.45,28,3458.311561
21.0,49,3458.492464
20.95,54,3458.684443
21.85,44,3458.839076
-2.9,19,3458.907821
9.85,4,3458.922297
21.5,39,3459.069185
21.25,48,3486.448128
21.9,35,3486.592581
7.85,4,3486.607237
13.45,12,3486.651258
22.6,29,3486.758341
19.95,50,3486.931597
21.75,46,3487.090024
21.95,34,3487.209111
9.75,6,3487.230207
21.8,41,3487.373356
7.85,4,3487.387258
15.25,16,3487.445283
21.65,36,3487.572313
22.85,24,3487.65802
22.2,33,3487.77419
19.2,61,3487.988106
22.25,36,3488.114294
22.5,27,3488.207367
